OTUID,Kingdom,kp,Phylum,pp,Class,cp,Order,op,Family,fp,Genus,gp
OTU92,Fungi,1,Ascomycota,100%,Sordariomycetes,100%,Microascales,94%,Microascaceae,86%,Petriella,NA
OTU5,Fungi,1,Ascomycota,100%,Sordariomycetes,100%,Microascales,100%,Microascaceae,100%,Doratomyces,NA
OTU36,Fungi,1,Ascomycota,100%,Sordariomycetes,100%,Phyllachorales,99%,Phyllachoraceae,99%,Plectosphaerella,NA
OTU56,Fungi,1,Ascomycota,100%,Sordariomycetes,100%,Sordariales,100%,Lasiosphaeriaceae,96%,Cercophora,NA
OTU8,Fungi,1,Ascomycota,100%,Sordariomycetes,100%,Sordariales,100%,Chaetomiaceae,88%,Chaetomidium,NA
OTU7,Fungi,1,Ascomycota,99%,Leotiomycetes,95%,Helotiales,49%,Helotiaceae,32%,Crinula,NA
OTU21,Fungi,1,Ascomycota,100%,Leotiomycetes,89%,Leotiomycetes incertae sedis,62%,Leotiomycetes incertae sedis,53%,Collophora,NA
OTU34,Fungi,1,Ascomycota,100%,Sordariomycetes,100%,Sordariales,100%,Chaetomiaceae,99%,Chaetomidium,NA
OTU748,Fungi,1,Ascomycota,100%,Dothideomycetes,100%,Pleosporales,100%,Phaeosphaeriaceae,85%,Chaetosphaeronema,NA
OTU201,Fungi,1,Ascomycota,100%,Sordariomycetes,100%,Sordariales,100%,Chaetomiaceae,92%,Chaetomidium,NA
OTU89,Fungi,1,Ascomycota,100%,Sordariomycetes,100%,Sordariales,100%,Lasiosphaeriaceae,99%,Podospora,NA
OTU607,Fungi,1,Ascomycota,100%,Sordariomycetes,100%,Sordariales,100%,Lasiosphaeriaceae,87%,Schizothecium,NA
OTU3,Fungi,1,Ascomycota,100%,Dothideomycetes,100%,Pleosporales,100%,Phaeosphaeriaceae,62%,Chaetosphaeronema,NA
OTU134,Fungi,1,Ascomycota,100%,Sordariomycetes,100%,Sordariales,100%,Chaetomiaceae,94%,Chaetomidium,NA
OTU45,Fungi,1,Ascomycota,100%,Dothideomycetes,100%,Pleosporales,98%,Sporormiaceae,64%,Westerdykella,NA
OTU267,Fungi,1,Ascomycota,100%,Eurotiomycetes,100%,Eurotiales,100%,Trichocomaceae,96%,Eupenicillium,NA
OTU28,Fungi,1,Ascomycota,100%,Dothideomycetes,100%,Pleosporales,100%,Sporormiaceae,100%,Preussia,NA
OTU78,Fungi,1,Ascomycota,100%,Sordariomycetes,100%,Sordariales,99%,Chaetomiaceae,53%,Chaetomium,NA
OTU88,Fungi,1,Ascomycota,100%,Sordariomycetes,100%,Microascales,98%,Microascaceae,95%,Petriella,NA
OTU164,Fungi,1,Fungi incertae sedis,100%,Zygomycota incertae sedis,100%,Mortierellales,100%,Mortierellaceae,100%,Mortierella,NA
OTU33,Fungi,1,Ascomycota,100%,Dothideomycetes,99%,Pleosporales,98%,Sporormiaceae,90%,Westerdykella,NA
OTU5461,Fungi,1,Ascomycota,100%,Dothideomycetes,100%,Pleosporales,100%,Sporormiaceae,91%,Westerdykella,NA
OTU331,Fungi,1,Ascomycota,100%,Sordariomycetes,100%,Microascales,100%,Microascaceae,100%,Petriella,NA
OTU14,Fungi,1,Ascomycota,100%,Sordariomycetes,100%,Hypocreales,100%,Nectriaceae,100%,Gibberella,NA
OTU850,Fungi,1,Ascomycota,100%,Sordariomycetes,100%,Sordariales,100%,Lasiosphaeriaceae,100%,Schizothecium,NA
OTU3682,Fungi,1,Ascomycota,100%,Dothideomycetes,100%,Pleosporales,100%,Pleosporaceae,100%,Alternaria,NA
OTU50,Fungi,1,Ascomycota,100%,Pezizomycetes,100%,Pezizales,100%,Ascobolaceae,100%,Ascobolus,NA
OTU708,Fungi,1,Ascomycota,100%,Dothideomycetes,100%,Pleosporales,100%,Pleosporaceae,99%,Alternaria,NA
OTU143,Fungi,1,Ascomycota,100%,Sordariomycetes,100%,Microascales,100%,Microascaceae,99%,Microascus,NA
OTU27,Fungi,1,Ascomycota,100%,Eurotiomycetes,100%,Eurotiales,100%,Trichocomaceae,100%,Penicillium,NA
OTU282,Fungi,1,Ascomycota,100%,Sordariomycetes,99%,Hypocreales,98%,Nectriaceae,96%,Gibberella,NA
OTU209,Fungi,1,Basidiomycota,100%,Ustilaginomycetes,100%,Ustilaginales,100%,Ustilaginaceae,100%,Tranzscheliella,NA
OTU405,Fungi,1,Ascomycota,100%,Sordariomycetes,99%,Boliniales,35%,Boliniaceae,35%,Camaropella,NA
OTU131,Fungi,1,Ascomycota,100%,Sordariomycetes,100%,Sordariales,97%,Lasiosphaeriaceae,76%,Cercophora,NA
OTU25,Fungi,1,Ascomycota,100%,Dothideomycetes,100%,Pleosporales,100%,Sporormiaceae,100%,Westerdykella,NA
OTU162,Fungi,1,Ascomycota,100%,Dothideomycetes,100%,Pleosporales,99%,Sporormiaceae,89%,Westerdykella,NA
OTU18,Fungi,1,Ascomycota,100%,Eurotiomycetes,100%,Eurotiales,100%,Trichocomaceae,100%,Eupenicillium,NA
OTU148,Fungi,1,Ascomycota,100%,Eurotiomycetes,98%,Chaetothyriales,98%,Herpotrichiellaceae,98%,Capronia,NA
OTU805,Fungi,1,Ascomycota,100%,Leotiomycetes,77%,Helotiales,61%,Helotiaceae,59%,Crinula,NA
OTU401,Fungi,1,Ascomycota,100%,Sordariomycetes,100%,Sordariales,100%,Chaetomiaceae,96%,Chaetomium,NA
OTU17,Fungi,1,Ascomycota,100%,Sordariomycetes,100%,Hypocreales,100%,Bionectriaceae,75%,Peethambara,NA
OTU62,Fungi,1,Ascomycota,100%,Dothideomycetes,97%,Pleosporales,96%,Massarinaceae,55%,Massarina,NA
OTU10650,Fungi,1,Ascomycota,100%,Sordariomycetes,100%,Hypocreales,99%,Nectriaceae,64%,Gibberella,NA
OTU215,Fungi,1,Ascomycota,100%,Dothideomycetes,81%,Pleosporales,78%,Sporormiaceae,54%,Westerdykella,NA
OTU703,Fungi,1,Ascomycota,100%,Sordariomycetes,100%,Sordariales,100%,Chaetomiaceae,86%,Chaetomidium,NA
OTU279,Fungi,1,Ascomycota,100%,Sordariomycetes,100%,Hypocreales,65%,Niessliaceae,20%,Niesslia,NA
OTU1885,Fungi,1,Ascomycota,100%,Sordariomycetes,100%,Sordariales,94%,Lasiosphaeriaceae,89%,Schizothecium,NA
OTU338,Fungi,1,Basidiomycota,98%,Tremellomycetes,95%,Tremellales,95%,Tremellaceae,68%,Filobasidiella,NA
OTU2,Fungi,1,Ascomycota,100%,Eurotiomycetes,100%,Eurotiales,100%,Trichocomaceae,99%,Emericella,NA
OTU90,Fungi,1,Ascomycota,100%,Eurotiomycetes,99%,Chaetothyriales,99%,Herpotrichiellaceae,99%,Exophiala,NA
OTU10513,Fungi,1,Ascomycota,100%,Sordariomycetes,100%,Sordariales,100%,Chaetomiaceae,79%,Chaetomium,NA
OTU61,Fungi,1,Ascomycota,100%,Dothideomycetes,100%,Dothideales,100%,Dothioraceae,80%,Columnosphaeria,NA
OTU671,Fungi,1,Ascomycota,100%,Dothideomycetes,99%,Pleosporales,99%,Sporormiaceae,92%,Preussia,NA
OTU1262,Fungi,1,Ascomycota,100%,Sordariomycetes,100%,Sordariales,98%,Lasiosphaeriaceae,48%,Cercophora,NA
OTU38,Fungi,1,Ascomycota,100%,Dothideomycetes,100%,Pleosporales,100%,Phaeosphaeriaceae,50%,Chaetosphaeronema,NA
OTU73,Fungi,1,Ascomycota,100%,Sordariomycetes,100%,Hypocreales,100%,Niessliaceae,100%,Emericellopsis,NA
OTU181,Fungi,1,Ascomycota,100%,Sordariomycetes,100%,Hypocreales,100%,Cordycipitaceae,100%,Cordyceps,NA
OTU177,Fungi,1,Ascomycota,100%,Sordariomycetes,100%,Hypocreales,100%,Nectriaceae,99%,Lasionectria,NA
OTU165,Fungi,1,Chytridiomycota,100%,Chytridiomycetes,100%,Spizellomycetales,100%,Spizellomycetaceae,100%,Rhizophlyctis,NA
OTU155,Fungi,1,Ascomycota,100%,Dothideomycetes,100%,Pleosporales,100%,Sporormiaceae,99%,Westerdykella,NA
OTU93,Fungi,1,Ascomycota,100%,Sordariomycetes,100%,Sordariales,59%,Cephalothecaceae,57%,Albertiniella,NA
OTU44,Fungi,1,Ascomycota,100%,Dothideomycetes,100%,Pleosporales,100%,Sporormiaceae,98%,Westerdykella,NA
OTU91,Fungi,1,Basidiomycota,98%,Tremellomycetes,92%,Tremellales,82%,Christianseniaceae,55%,Christiansenia,NA
OTU13,Fungi,1,Ascomycota,100%,Leotiomycetes,100%,Helotiales,93%,Helotiaceae,78%,Crinula,NA
OTU176,Fungi,1,Ascomycota,100%,Sordariomycetes,100%,Hypocreales,100%,Clavicipitaceae,84%,Pochonia,NA
OTU474,Fungi,1,Basidiomycota,100%,Exobasidiomycetes,100%,Malasseziales,100%,Malasseziaceae,100%,Malassezia,NA
OTU14147,Fungi,1,Ascomycota,100%,Sordariomycetes,55%,Sordariales,53%,Lasiosphaeriaceae,46%,Zygopleurage,NA
OTU795,Fungi,1,Ascomycota,100%,Sordariomycetes,100%,Hypocreales,100%,Cordycipitaceae,100%,Lecanicillium,NA
OTU8297,Fungi,1,Ascomycota,100%,Sordariomycetes,100%,Sordariales,100%,Lasiosphaeriaceae,99%,Schizothecium,NA
OTU412,Fungi,1,Ascomycota,100%,Sordariomycetes,100%,Sordariales,100%,Lasiosphaeriaceae,80%,Cercophora,NA
OTU1149,Fungi,1,Ascomycota,100%,Sordariomycetes,100%,Hypocreales,100%,Clavicipitaceae,100%,Metacordyceps,NA
OTU270,Fungi,1,Ascomycota,100%,Dothideomycetes,100%,Dothideales,100%,Dothideaceae,100%,Dothidea,NA
OTU476,Fungi,1,Ascomycota,100%,Dothideomycetes,100%,Pleosporales,90%,Pleosporales incertae sedis,80%,Corynespora,NA
OTU40,Fungi,1,Ascomycota,100%,Sordariomycetes,100%,Hypocreales,99%,Clavicipitaceae,96%,Paecilomyces,NA
OTU1379,Fungi,1,Ascomycota,100%,Dothideomycetes,99%,Pleosporales,99%,Sporormiaceae,99%,Westerdykella,NA
OTU12,Fungi,1,Ascomycota,100%,Dothideomycetes,100%,Pleosporales,100%,Didymellaceae,100%,Didymella,NA
OTU11,Fungi,1,Ascomycota,100%,Sordariomycetes,100%,Hypocreales,100%,Bionectriaceae,100%,Bionectria,NA
OTU2342,Fungi,1,Ascomycota,100%,Sordariomycetes,100%,Sordariales,99%,Lasiosphaeriaceae,90%,Cercophora,NA
OTU472,Fungi,1,Ascomycota,100%,Dothideomycetes,98%,Pleosporales,97%,Sporormiaceae,89%,Westerdykella,NA
OTU1852,Fungi,1,Ascomycota,100%,Sordariomycetes,100%,Sordariales,99%,Lasiosphaeriaceae,98%,Schizothecium,NA
OTU109,Fungi,1,Ascomycota,100%,Dothideomycetes,100%,Pleosporales,100%,Phaeosphaeriaceae,93%,Phaeosphaeria,NA
OTU238,Fungi,1,Ascomycota,100%,Eurotiomycetes,100%,Eurotiales,100%,Trichocomaceae,91%,Eupenicillium,NA
OTU6155,Fungi,1,Ascomycota,100%,Sordariomycetes,100%,Hypocreales,100%,Hypocreaceae,100%,Hypocrea,NA
OTU595,Fungi,1,Basidiomycota,99%,Agaricomycetes,99%,Agaricales,94%,Entolomataceae,46%,Rhodocybe,NA
OTU793,Fungi,1,Basidiomycota,100%,Agaricomycetes,100%,Thelephorales,100%,Thelephoraceae,100%,uncultured_Thelephoraceae,NA
OTU5888,Fungi,1,Ascomycota,100%,Sordariomycetes,100%,Sordariales,100%,Chaetomiaceae,95%,Chaetomium,NA
OTU264,Fungi,1,Ascomycota,100%,Sordariomycetes,100%,Hypocreales,100%,Bionectriaceae,42%,Hydropisphaera,NA
OTU1022,Fungi,1,Ascomycota,100%,Leotiomycetes,100%,Helotiales,54%,Helotiales incertae sedis,41%,Chalara,NA
OTU618,Fungi,1,Ascomycota,100%,Sordariomycetes,100%,Hypocreales,98%,Nectriaceae,97%,Cosmospora,NA
OTU1908,Fungi,1,Ascomycota,100%,Sordariomycetes,100%,Sordariales,98%,Lasiosphaeriaceae,90%,Schizothecium,NA
OTU175,Fungi,1,Ascomycota,100%,Sordariomycetes,100%,Coniochaetales,99%,Coniochaetaceae,99%,Coniochaeta,NA
OTU151,Fungi,1,Fungi incertae sedis,100%,Zygomycota incertae sedis,100%,Mucorales 2,100%,Mucoraceae,76%,Mucor,NA
OTU10,Fungi,1,Ascomycota,100%,Dothideomycetes,100%,Pleosporales,100%,Pleosporaceae,100%,Pleospora,NA
OTU37,Fungi,1,Ascomycota,100%,Sordariomycetes,100%,Hypocreales,100%,Hypocreaceae,100%,Trichoderma,NA
OTU897,Fungi,1,Ascomycota,100%,Sordariomycetes,100%,Microascales,100%,Halosphaeriaceae,100%,Lanspora,NA
OTU1263,Fungi,1,Ascomycota,100%,Leotiomycetes,100%,Helotiales,96%,Helotiaceae,93%,Tricladium,NA
OTU64,Fungi,1,Ascomycota,100%,Dothideomycetes,100%,Dothideales,100%,Dothioraceae,100%,Sydowia,NA
OTU534,Fungi,1,Ascomycota,100%,Eurotiomycetes,100%,Eurotiales,100%,Trichocomaceae,99%,Chromocleista,NA
OTU9738,Fungi,1,Ascomycota,100%,Sordariomycetes,86%,Hypocreales,79%,Clavicipitaceae,30%,Tolypocladium,NA
OTU507,Fungi,1,Ascomycota,100%,Sordariomycetes,100%,Hypocreales,100%,Cordycipitaceae,35%,Cordyceps,NA
OTU1353,Fungi,1,Basidiomycota,100%,Agaricomycetes,100%,Polyporales,100%,Polyporaceae,100%,Trichaptum,NA
OTU75,Fungi,1,Ascomycota,100%,Sordariomycetes,99%,Microascales,90%,Microascaceae,74%,Petriella,NA
OTU11237,Fungi,1,Ascomycota,100%,Sordariomycetes,100%,Sordariales,96%,Lasiosphaeriaceae,59%,Cercophora,NA
OTU3055,Fungi,1,Ascomycota,100%,Eurotiomycetes,100%,Eurotiales,97%,Trichocomaceae,95%,Emericella,NA
OTU46,Fungi,1,Ascomycota,100%,Sordariomycetes,100%,Hypocreales,100%,Nectriaceae,99%,Neocosmospora,NA
OTU833,Fungi,1,Ascomycota,100%,Sordariomycetes,100%,Sordariales,97%,Chaetomiaceae,66%,Chaetomidium,NA
OTU14661,Fungi,1,Ascomycota,100%,Eurotiomycetes,100%,Eurotiales,98%,Trichocomaceae,98%,Eupenicillium,NA
OTU83,Fungi,1,Ascomycota,100%,Leotiomycetes,92%,Helotiales,82%,Dermateaceae,17%,Pezicula,NA
OTU798,Fungi,1,Ascomycota,100%,Sordariomycetes,99%,Microascales,97%,Microascaceae,94%,Doratomyces,NA
OTU1445,Fungi,1,Ascomycota,100%,Pezizomycetes,100%,Pezizales,100%,Pezizaceae,100%,Peziza,NA
OTU113,Fungi,1,Ascomycota,100%,Leotiomycetes,100%,Helotiales,100%,Helotiales incertae sedis,100%,Tetracladium,NA
OTU14159,Fungi,1,Ascomycota,100%,Sordariomycetes,99%,Hypocreales,97%,Nectriaceae,97%,Gibberella,NA
OTU1254,Fungi,1,Ascomycota,100%,Eurotiomycetes,99%,Chaetothyriales,99%,Herpotrichiellaceae,99%,Cladophialophora,NA
OTU79,Fungi,1,Ascomycota,100%,Leotiomycetes,99%,Helotiales,99%,Helotiales incertae sedis,97%,Chalara,NA
OTU471,Fungi,1,Ascomycota,100%,Sordariomycetes,100%,Hypocreales,100%,Bionectriaceae,66%,Hydropisphaera,NA
OTU2659,Fungi,1,Ascomycota,100%,Dothideomycetes,100%,Pleosporales,100%,Phaeosphaeriaceae,79%,Phaeosphaeria,NA
OTU6971,Fungi,1,Ascomycota,99%,Eurotiomycetes,80%,Eurotiales,80%,Trichocomaceae,72%,Aspergillus,NA
OTU97,Fungi,1,Ascomycota,100%,Sordariomycetes,100%,Hypocreales,100%,Clavicipitaceae,100%,Paecilomyces,NA
OTU8562,Fungi,1,Ascomycota,100%,Dothideomycetes,99%,Pleosporales,92%,Pleosporales incertae sedis,50%,Camarosporium,NA
OTU513,Fungi,1,Ascomycota,100%,Ascomycota incertae sedis,49%,Ascomycota incertae sedis,49%,Ascomycota incertae sedis,49%,Curvicladium,NA
OTU522,Fungi,1,Basidiomycota,100%,Agaricomycetes,100%,Agaricales,100%,Agaricaceae,78%,Lepiota,NA
OTU4539,Fungi,1,Ascomycota,100%,Sordariomycetes,100%,Sordariales,99%,Chaetomiaceae,83%,Zopfiella,NA
OTU1518,Fungi,1,Ascomycota,100%,Sordariomycetes,100%,Sordariales,96%,Lasiosphaeriaceae,54%,Cercophora,NA
OTU15,Fungi,1,Ascomycota,100%,Pezizomycetes,100%,Pezizales,100%,Pyronemataceae,100%,Geopora,NA
OTU192,Fungi,1,Ascomycota,100%,Dothideomycetes,100%,Pleosporales,100%,Phaeosphaeriaceae,86%,Chaetosphaeronema,NA
OTU11314,Fungi,1,Ascomycota,100%,Sordariomycetes,99%,Sordariales,99%,Chaetomiaceae,81%,Chaetomidium,NA
OTU121,Fungi,1,Ascomycota,100%,Dothideomycetes,100%,Pleosporales,100%,Massarinaceae,99%,Massarina,NA
OTU2508,Fungi,1,Basidiomycota,100%,Agaricomycetes,100%,Polyporales,30%,Polyporales incertae sedis,30%,Aphyllophoralean,NA
OTU1082,Fungi,1,Ascomycota,100%,Eurotiomycetes,77%,Chaetothyriales,77%,Herpotrichiellaceae,77%,Cladophialophora,NA
OTU271,Fungi,1,Ascomycota,100%,Ascomycota incertae sedis,90%,Ascomycota incertae sedis,90%,Ascomycota incertae sedis,90%,Scolecobasidiella,NA
OTU9760,Fungi,1,Ascomycota,100%,Dothideomycetes,100%,Pleosporales,100%,Leptosphaeriaceae,79%,Leptosphaeria,NA
OTU6974,Fungi,1,Ascomycota,100%,Eurotiomycetes,100%,Eurotiales,100%,Trichocomaceae,100%,Chromocleista,NA
OTU3103,Fungi,1,Ascomycota,100%,Eurotiomycetes,97%,Chaetothyriales,97%,Herpotrichiellaceae,97%,Cladophialophora,NA
OTU1459,Fungi,1,Basidiomycota,100%,Cystobasidiomycetes,100%,Cystobasidiales,100%,Cystobasidiaceae,100%,Rhodotorula 1 -Cystobasidiales,NA
OTU11329,Fungi,1,Ascomycota,100%,Dothideomycetes,100%,Pleosporales,100%,Massarinaceae,100%,Massarina,NA
OTU1281,Fungi,1,Ascomycota,100%,Dothideomycetes,100%,Capnodiales,100%,Teratosphaeriaceae,66%,Teratosphaeria,NA
OTU11369,Fungi,1,Ascomycota,100%,Leotiomycetes,50%,Leotiomycetes incertae sedis,25%,Leotiomycetes incertae sedis,24%,Microglossum,NA
OTU98,Fungi,1,Ascomycota,100%,Eurotiomycetes,99%,Eurotiales,99%,Elaphomycetaceae,68%,Monascus,NA
OTU665,Fungi,1,Ascomycota,100%,Sordariomycetes,100%,Hypocreales,100%,Bionectriaceae,88%,Hydropisphaera,NA
OTU614,Fungi,1,Ascomycota,100%,Dothideomycetes,89%,Dothideomycetes incertae sedis,82%,Dothideomycetes incertae sedis,82%,Kirschsteiniothelia,NA
OTU39,Fungi,1,Ascomycota,100%,Dothideomycetes,100%,Capnodiales,100%,Davidiellaceae,100%,Davidiella,NA
OTU14460,Fungi,1,Ascomycota,100%,Sordariomycetes,100%,Sordariales,100%,Lasiosphaeriaceae,58%,Podospora,NA
OTU111,Fungi,1,Ascomycota,100%,Eurotiomycetes,100%,Chaetothyriales,100%,Herpotrichiellaceae,100%,Exophiala,NA
OTU14212,Fungi,1,Ascomycota,100%,Dothideomycetes,100%,Pleosporales,100%,Pleosporales incertae sedis,70%,Camarosporium,NA
OTU1105,Fungi,1,Basidiomycota,100%,Agaricomycetes,100%,Agaricales,100%,Agaricaceae,63%,Lepiotaceae,NA
OTU536,Fungi,1,Basidiomycota,100%,Agaricomycetes,100%,Agaricales,100%,Agaricaceae,92%,Tulostoma,NA
OTU30,Fungi,1,Ascomycota,100%,Dothideomycetes,100%,Botryosphaeriales,18%,Botryosphaeriaceae,18%,Microdiplodia,NA
OTU881,Fungi,1,Basidiomycota,100%,Agaricomycetes,100%,Agaricales,100%,Cortinariaceae,99%,Inocybe,NA
OTU106,Fungi,1,Ascomycota,100%,Lecanoromycetes,30%,Lecanorales,22%,Ramalinaceae,11%,Boreoplaca,NA
OTU1461,Fungi,1,Ascomycota,100%,Sordariomycetes,100%,Hypocreales,96%,Niessliaceae,57%,Niesslia,NA
OTU573,Fungi,1,Ascomycota,100%,Eurotiomycetes,97%,Chaetothyriales,96%,Herpotrichiellaceae,96%,Cladophialophora,NA
OTU135,Fungi,1,Ascomycota,100%,Dothideomycetes,99%,Pleosporales,97%,Massarinaceae,63%,Massarina,NA
OTU4670,Fungi,1,Ascomycota,100%,Sordariomycetes,100%,Microascales,78%,Microascaceae,78%,Doratomyces,NA
OTU1833,Fungi,1,Ascomycota,100%,Dothideomycetes,97%,Pleosporales,97%,Pleosporales incertae sedis,41%,Camarosporium,NA
OTU8557,Fungi,1,Ascomycota,100%,Leotiomycetes,91%,Helotiales,90%,Dermateaceae,61%,Dermea,NA
OTU440,Fungi,1,Ascomycota,100%,Sordariomycetes,100%,Xylariales,100%,Diatrypaceae,99%,Eutypa,NA
OTU85,Fungi,1,Ascomycota,100%,Sordariomycetes,98%,Hypocreales,98%,Nectriaceae,74%,Pseudonectria,NA
OTU1349,Fungi,1,Ascomycota,100%,Dothideomycetes,100%,Pleosporales,100%,Phaeosphaeriaceae,71%,Loratospora,NA
OTU975,Fungi,1,Ascomycota,100%,Dothideomycetes,99%,Pleosporales,97%,Pleosporales incertae sedis,52%,Camarosporium,NA
OTU229,Fungi,1,Basidiomycota,100%,Agaricomycetes,100%,Agaricales,100%,Tricholomataceae,100%,Cystodermella,NA
OTU212,Fungi,1,Ascomycota,100%,Sordariomycetes,100%,Coniochaetales,100%,Coniochaetaceae,100%,Coniochaeta,NA
OTU110,Fungi,1,Ascomycota,100%,Leotiomycetes,98%,Helotiales,93%,Sclerotiniaceae,89%,Sclerotinia,NA
OTU3396,Fungi,1,Ascomycota,100%,Dothideomycetes,100%,Capnodiales,100%,Capnodiales incertae sedis,100%,Capnodiales incertae sedis,NA
OTU403,Fungi,1,Ascomycota,100%,Sordariomycetes,100%,Microascales,100%,Microascaceae,100%,Microascus,NA
OTU4251,Fungi,1,Ascomycota,100%,Eurotiomycetes,93%,Eurotiales,87%,Elaphomycetaceae,52%,Monascus,NA
OTU12979,Fungi,1,Ascomycota,100%,Eurotiomycetes,100%,Eurotiales,99%,Trichocomaceae,76%,Eupenicillium,NA
OTU32,Fungi,1,Ascomycota,100%,Dothideomycetes,99%,Pleosporales,95%,Sporormiaceae,92%,Preussia,NA
OTU10121,Fungi,1,Basidiomycota,100%,Microbotryomycetes,100%,Sporidiobolales,100%,Sporidiobolales incertae sedis,100%,Rhodotorula 4 -Sporidiobolales,NA
OTU1036,Fungi,1,Ascomycota,100%,Eurotiomycetes,100%,Chaetothyriales,100%,Herpotrichiellaceae,100%,Sarcinomyces,NA
OTU506,Fungi,1,Basidiomycota,99%,Agaricomycetes,99%,Agaricales,46%,Tricholomataceae,46%,Cantharellopsis,NA
OTU288,Fungi,1,Ascomycota,100%,Dothideomycetes,100%,Pleosporales,99%,Amniculicolaceae,88%,Murispora,NA
OTU178,Fungi,1,Ascomycota,100%,Sordariomycetes,62%,Sordariomycetes incertae sedis,62%,Batistiaceae,62%,Batistia,NA
OTU15177,Fungi,1,Ascomycota,100%,Dothideomycetes,100%,Pleosporales,100%,Leptosphaeriaceae,80%,Leptosphaeria,NA
OTU369,Fungi,1,Basidiomycota,99%,Tremellomycetes,98%,Tremellales,96%,Christianseniaceae,85%,Christiansenia,NA
OTU9164,Fungi,1,Ascomycota,100%,Eurotiomycetes,100%,Eurotiales,100%,Trichocomaceae,99%,Eupenicillium,NA
OTU7207,Fungi,1,Ascomycota,100%,Dothideomycetes,98%,Hysteriales,66%,Hysteriaceae,65%,Hysteropatella,NA
OTU376,Fungi,1,Ascomycota,100%,Dothideomycetes,99%,Pleosporales,98%,Pleosporales incertae sedis,49%,Plenodomus,NA
OTU167,Fungi,1,Ascomycota,100%,Dothideomycetes,100%,Dothideales,100%,Dothioraceae,63%,Columnosphaeria,NA
OTU4680,Fungi,1,Ascomycota,100%,Sordariomycetes,100%,Hypocreales,100%,Clavicipitaceae,100%,Pochonia,NA
OTU140,Fungi,1,Ascomycota,100%,Dothideomycetes,100%,Dothideomycetes incertae sedis,100%,Dothideomycetes incertae sedis,100%,Kirschsteiniothelia,NA
OTU292,Fungi,1,Ascomycota,100%,Dothideomycetes,100%,Pleosporales,99%,Pleosporaceae,61%,Stagonospora,NA
OTU428,Fungi,1,Basidiomycota,100%,Agaricomycetes,100%,Thelephorales,100%,Thelephoraceae,100%,Tomentella,NA
OTU5102,Fungi,1,Ascomycota,100%,Sordariomycetes,100%,Sordariales,94%,Lasiosphaeriaceae,61%,Cercophora,NA
OTU3655,Fungi,1,Ascomycota,100%,Pezizomycetes,100%,Pezizales,100%,Pyronemataceae,100%,Trichophaeopsis,NA
OTU961,Fungi,1,Ascomycota,100%,Sordariomycetes,100%,Hypocreales,100%,Nectriaceae,98%,Gibberella,NA
OTU12459,Fungi,1,Ascomycota,100%,Leotiomycetes,94%,Helotiales,51%,Helotiaceae,45%,Crinula,NA
OTU226,Fungi,1,Ascomycota,100%,Pezizomycetes,100%,Pezizales,100%,Pyronemataceae,99%,Pseudombrophila,NA
OTU5383,Fungi,1,Ascomycota,100%,Sordariomycetes,100%,Hypocreales,98%,Bionectriaceae,59%,Hydropisphaera,NA
OTU11609,Fungi,1,Ascomycota,100%,Dothideomycetes,100%,Pleosporales,100%,Leptosphaeriaceae,65%,Leptosphaeria,NA
OTU8868,Fungi,1,Ascomycota,100%,Leotiomycetes,100%,Helotiales,100%,Sclerotiniaceae,100%,Botryotinia,NA
OTU8866,Fungi,1,Chytridiomycota,100%,Chytridiomycetes,100%,Spizellomycetales,99%,Spizellomycetaceae,99%,Rhizophlyctis,NA
OTU4156,Fungi,1,Ascomycota,100%,Sordariomycetes,100%,Hypocreales,99%,Clavicipitaceae,85%,Paecilomyces,NA
OTU335,Fungi,1,Ascomycota,99%,Lecanoromycetes,96%,Teloschistales,29%,Teloschistaceae,28%,Xanthoria,NA
OTU199,Fungi,1,Ascomycota,100%,Leotiomycetes,100%,Helotiales,95%,Vibrisseaceae,23%,Vibrissea,NA
OTU462,Fungi,1,Basidiomycota,100%,Agaricomycetes,100%,Cantharellales,100%,Ceratobasidiaceae,100%,Ceratobasidium,NA
OTU499,Fungi,1,Ascomycota,100%,Leotiomycetes,99%,Helotiales,98%,Helotiaceae,89%,Cudoniella,NA
OTU220,Fungi,1,Ascomycota,100%,Pezizomycetes,96%,Pezizales,96%,Ascodesmidaceae,78%,Lasiobolus,NA
OTU247,Fungi,1,Ascomycota,100%,Ascomycota incertae sedis,70%,Ascomycota incertae sedis,70%,Ascomycota incertae sedis,70%,Scolecobasidiella,NA
OTU5728,Fungi,1,Ascomycota,100%,Leotiomycetes,29%,Leotiomycetes incertae sedis,23%,Myxotrichaceae,13%,Myxotrichum,NA
OTU444,Fungi,1,Ascomycota,100%,Dothideomycetes,100%,Pleosporales,100%,Sporormiaceae,93%,Westerdykella,NA
OTU410,Fungi,1,Ascomycota,100%,Sordariomycetes,100%,Hypocreales,100%,Hypocreaceae,98%,Hypocrea,NA
OTU353,Fungi,1,Ascomycota,100%,Dothideomycetes,100%,Pleosporales,99%,Sporormiaceae,96%,Westerdykella,NA
OTU9203,Fungi,1,Ascomycota,100%,Dothideomycetes,100%,Pleosporales,98%,Didymellaceae,92%,Leptosphaerulina,NA
OTU10667,Fungi,1,Ascomycota,100%,Sordariomycetes,100%,Sordariales,100%,Lasiosphaeriaceae,56%,Cercophora,NA
OTU58,Fungi,1,Ascomycota,100%,Leotiomycetes,100%,Thelebolales,100%,Thelebolaceae,100%,Thelebolus,NA
OTU2121,Fungi,1,Ascomycota,100%,Sordariomycetes,100%,Sordariales,97%,Chaetomiaceae,81%,Chaetomidium,NA
OTU14143,Fungi,1,Ascomycota,100%,Sordariomycetes,100%,Sordariales,100%,Lasiosphaeriaceae,53%,Cercophora,NA
OTU69,Fungi,1,Ascomycota,100%,Dothideomycetes,100%,Pleosporales,93%,Didymellaceae,33%,Stagonosporopsis,NA
OTU14650,Fungi,1,Ascomycota,100%,Sordariomycetes,92%,Hypocreales,79%,Bionectriaceae,70%,Didymostilbe,NA
OTU910,Fungi,1,Ascomycota,100%,Eurotiomycetes,100%,Eurotiales,100%,Trichocomaceae,87%,Chromocleista,NA
OTU379,Fungi,1,Ascomycota,100%,Ascomycota incertae sedis,82%,Ascomycota incertae sedis,82%,Ascomycota incertae sedis,82%,Scolecobasidiella,NA
OTU3898,Fungi,1,Ascomycota,99%,Sordariomycetes,86%,Hypocreales,82%,Nectriaceae,46%,Gibberella,NA
OTU837,Fungi,1,Ascomycota,100%,Leotiomycetes,99%,Helotiales,96%,Helotiaceae,96%,Hymenoscyphus,NA
OTU4399,Fungi,1,Basidiomycota,100%,Agaricomycetes,100%,Agaricales,100%,Lycoperdaceae,93%,Lycoperdon,NA
OTU259,Fungi,1,Ascomycota,100%,Pezizomycetes,100%,Pezizales,100%,Pyronemataceae,100%,Orbicula,NA
OTU1127,Fungi,1,Ascomycota,100%,Leotiomycetes,96%,Helotiales,88%,Helotiales incertae sedis,56%,Hyalodendriella,NA
OTU8229,Fungi,1,Ascomycota,100%,Sordariomycetes,100%,Hypocreales,94%,Nectriaceae,93%,Gibberella,NA
OTU364,Fungi,1,Ascomycota,100%,Dothideomycetes,100%,Pleosporales,100%,Lophiostomataceae,100%,Lophiostoma,NA
OTU395,Fungi,1,Ascomycota,100%,Pezizomycetes,100%,Pezizales,100%,Tuberaceae,100%,Tuber,NA
OTU763,Fungi,1,Ascomycota,100%,Dothideomycetes,100%,Pleosporales,99%,Pleosporaceae,78%,Stagonospora,NA
OTU14445,Fungi,1,Ascomycota,100%,Sordariomycetes,100%,Sordariales,100%,Chaetomiaceae,91%,Chaetomium,NA
OTU94,Fungi,1,Ascomycota,100%,Dothideomycetes,99%,Pleosporales,99%,Pleosporaceae,71%,Edenia,NA
OTU12485,Fungi,1,Ascomycota,98%,Sordariomycetes,84%,Hypocreales,44%,Nectriaceae,43%,Gibberella,NA
OTU511,Fungi,1,Ascomycota,100%,Pezizomycetes,100%,Pezizales,100%,Pyronemataceae,100%,Tricharina,NA
OTU9729,Fungi,1,Ascomycota,100%,Sordariomycetes,100%,Sordariales,100%,Lasiosphaeriaceae,70%,Cercophora,NA
OTU281,Fungi,1,Ascomycota,100%,Sordariomycetes,100%,Hypocreales,97%,Clavicipitaceae,93%,Paecilomyces,NA
OTU31,Fungi,1,Ascomycota,100%,Sordariomycetes,99%,Phyllachorales,96%,Phyllachoraceae,96%,Plectosphaerella,NA
OTU619,Fungi,1,Basidiomycota,100%,Agaricomycetes,100%,Agaricales,100%,Tricholomataceae,73%,Omphalina,NA
OTU704,Fungi,1,Ascomycota,100%,Sordariomycetes,100%,Sordariales,100%,Lasiosphaeriaceae,95%,Cercophora,NA
OTU173,Fungi,1,Ascomycota,100%,Eurotiomycetes,100%,Eurotiales,99%,Trichocomaceae,99%,Penicillium,NA
OTU7568,Fungi,1,Ascomycota,100%,Sordariomycetes,100%,Sordariales,100%,Lasiosphaeriaceae,98%,Schizothecium,NA
OTU831,Fungi,1,Ascomycota,100%,Dothideomycetes,100%,Pleosporales,100%,Lentitheciaceae,98%,Keissleriella,NA
OTU1067,Fungi,1,Ascomycota,100%,Sordariomycetes,100%,Hypocreales,100%,Ophiocordycipitaceae,29%,Elaphocordyceps,NA
OTU796,Fungi,1,Ascomycota,100%,Sordariomycetes,100%,Sordariales,100%,Lasiosphaeriaceae,68%,Cercophora,NA
OTU1239,Fungi,1,Ascomycota,100%,Sordariomycetes,100%,Sordariales,100%,Lasiosphaeriaceae,92%,Cercophora,NA
OTU14175,Fungi,1,Ascomycota,100%,Sordariomycetes,100%,Sordariales,100%,Lasiosphaeriaceae,58%,Cercophora,NA
OTU385,Fungi,1,Ascomycota,100%,Eurotiomycetes,76%,Chaetothyriales,76%,Herpotrichiellaceae,76%,Cladophialophora,NA
OTU2249,Fungi,1,Ascomycota,100%,Sordariomycetes,100%,Sordariales,100%,Chaetomiaceae,80%,Chaetomium,NA
OTU4132,Fungi,1,Ascomycota,100%,Dothideomycetes,100%,Pleosporales,100%,Sporormiaceae,95%,Preussia,NA
OTU42,Fungi,1,Ascomycota,100%,Sordariomycetes,100%,Hypocreales,100%,Nectriaceae,99%,Neonectria,NA
OTU6729,Fungi,1,Ascomycota,100%,Dothideomycetes,98%,Capnodiales,97%,Capnodiales incertae sedis,55%,Capnodiales incertae sedis,NA
OTU12050,Fungi,1,Ascomycota,100%,Dothideomycetes,99%,Pleosporales,99%,Pleosporales incertae sedis,49%,Plenodomus,NA
OTU290,Fungi,1,Basidiomycota,100%,Agaricomycetes,100%,Agaricales,100%,Agaricaceae,100%,Agaricus,NA
OTU7044,Fungi,1,Basidiomycota,100%,Cystobasidiomycetes,98%,Erythrobasidiales,59%,Erythrobasidiaceae,59%,Sporobolomyces,NA
OTU19,Fungi,1,Ascomycota,100%,Eurotiomycetes,100%,Eurotiales,100%,Trichocomaceae,100%,Aspergillus,NA
OTU2308,Fungi,1,Ascomycota,100%,Dothideomycetes,100%,Pleosporales,100%,Leptosphaeriaceae,99%,Leptosphaeria,NA
OTU9798,Fungi,1,Ascomycota,100%,Sordariomycetes,97%,Sordariales,97%,Lasiosphaeriaceae,55%,Cercophora,NA
OTU2435,Fungi,1,Ascomycota,100%,Ascomycota incertae sedis,35%,Ascomycota incertae sedis,35%,Ascomycota incertae sedis,35%,Trichothecium,NA
OTU799,Fungi,1,Ascomycota,100%,Dothideomycetes,100%,Pleosporales,100%,Phaeosphaeriaceae,73%,Chaetosphaeronema,NA
OTU14643,Fungi,1,Ascomycota,100%,Dothideomycetes,100%,Pleosporales,99%,Pleosporaceae,85%,Pleospora,NA
OTU9639,Fungi,1,Ascomycota,100%,Leotiomycetes,91%,Leotiomycetes incertae sedis,84%,Myxotrichaceae,84%,Myxotrichum,NA
OTU99,Fungi,1,Ascomycota,100%,Ascomycota incertae sedis,100%,Ascomycota incertae sedis,100%,Ascomycota incertae sedis,100%,Trichothecium,NA
OTU52,Fungi,1,Ascomycota,100%,Sordariomycetes,100%,Coniochaetales,99%,Coniochaetaceae,99%,Coniochaetidium,NA
OTU11210,Fungi,1,Ascomycota,100%,Dothideomycetes,97%,Pleosporales,90%,Pleosporales incertae sedis,43%,Plenodomus,NA
OTU51,Fungi,1,Ascomycota,100%,Sordariomycetes,100%,Sordariales,100%,Chaetomiaceae,100%,Chaetomidium,NA
OTU9846,Fungi,1,Basidiomycota,100%,Agaricomycetes,100%,Polyporales,46%,Coriolaceae,25%,Tyromyces,NA
OTU13768,Fungi,1,Ascomycota,100%,Eurotiomycetes,100%,Eurotiales,100%,Trichocomaceae,92%,Eupenicillium,NA
OTU305,Fungi,1,Ascomycota,100%,Dothideomycetes,100%,Pleosporales,100%,Phaeosphaeriaceae,100%,Ophiosphaerella,NA
OTU112,Fungi,1,Ascomycota,100%,Pezizomycetes,100%,Pezizales,100%,Pezizaceae,100%,Iodophanus,NA
OTU6013,Fungi,1,Ascomycota,100%,Dothideomycetes,100%,Pleosporales,100%,Pleosporaceae,98%,Pleospora,NA
OTU118,Fungi,1,Ascomycota,100%,Sordariomycetes,100%,Hypocreales,99%,Niessliaceae,64%,Niesslia,NA
OTU819,Fungi,1,Ascomycota,100%,Dothideomycetes,100%,Capnodiales,100%,Teratosphaeriaceae,59%,Teratosphaeriaceae,NA
OTU171,Fungi,1,Ascomycota,100%,Dothideomycetes,98%,Pleosporales,96%,Pleosporaceae,80%,Pyrenochaeta,NA
OTU1842,Fungi,1,Ascomycota,100%,Sordariomycetes,100%,Hypocreales,100%,Niessliaceae,100%,Niesslia,NA
OTU251,Fungi,1,Ascomycota,100%,Sordariomycetes,99%,Hypocreales,98%,Niessliaceae,36%,Niesslia,NA
OTU707,Fungi,1,Basidiomycota,100%,Tremellomycetes,100%,Cystofilobasidiales,100%,Cystofilobasidiaceae,100%,Udeniomyces,NA
OTU9762,Fungi,1,Ascomycota,100%,Dothideomycetes,89%,Pleosporales,89%,Phaeosphaeriaceae,42%,Phaeosphaeria,NA
OTU9294,Fungi,1,Ascomycota,100%,Dothideomycetes,100%,Pleosporales,100%,Pleosporaceae,93%,Pleospora,NA
OTU373,Fungi,1,Ascomycota,100%,Dothideomycetes,99%,Pleosporales,98%,Pleosporales incertae sedis,16%,Corynespora,NA
OTU706,Fungi,1,Ascomycota,100%,Dothideomycetes,99%,Pleosporales,90%,Massarinaceae,18%,Byssothecium,NA
OTU688,Fungi,1,Ascomycota,100%,Dothideomycetes,100%,Pleosporales,99%,Pleosporaceae,96%,Pyrenophora,NA
OTU2321,Fungi,1,Ascomycota,100%,Eurotiomycetes,94%,Eurotiales,59%,Elaphomycetaceae,25%,Monascus,NA
OTU35,Fungi,1,Ascomycota,100%,Sordariomycetes,100%,Phyllachorales,100%,Phyllachoraceae,100%,Plectosphaerella,NA
OTU346,Fungi,1,Ascomycota,100%,Dothideomycetes,100%,Pleosporales,92%,Pleomassariaceae,35%,Asteromassaria,NA
OTU323,Fungi,1,Ascomycota,100%,Sordariomycetes,100%,Hypocreales,100%,Hypocreales incertae sedis,100%,Stachybotrys,NA
OTU1181,Fungi,1,Ascomycota,100%,Sordariomycetes,100%,Hypocreales,100%,Bionectriaceae,73%,Peethambara,NA
OTU184,Fungi,1,Ascomycota,100%,Sordariomycetes,100%,Hypocreales,100%,Bionectriaceae,86%,Hydropisphaera,NA
OTU1204,Fungi,1,Ascomycota,100%,Eurotiomycetes,100%,Onygenales,100%,Onygenaceae,99%,Spiromastix,NA
OTU660,Fungi,1,Ascomycota,100%,Sordariomycetes,100%,Hypocreales,99%,Niessliaceae,82%,Niesslia,NA
OTU531,Fungi,1,Ascomycota,100%,Sordariomycetes,100%,Sordariales,100%,Lasiosphaeriaceae,100%,Triangularia,NA
OTU1064,Fungi,1,Ascomycota,100%,Ascomycota incertae sedis,47%,Ascomycota incertae sedis,47%,Ascomycota incertae sedis,47%,Dictyosporium,NA
OTU750,Fungi,1,Basidiomycota,100%,Agaricomycetes,100%,Sebacinales,100%,Sebacinaceae,100%,Tremellodendron,NA
OTU648,Fungi,1,Ascomycota,100%,Dothideomycetes,100%,Pleosporales,84%,Phaeosphaeriaceae,42%,Chaetosphaeronema,NA
OTU6016,Fungi,1,Ascomycota,100%,Sordariomycetes,100%,Hypocreales,100%,Bionectriaceae,76%,Peethambara,NA
OTU608,Fungi,1,Basidiomycota,100%,Tremellomycetes,100%,Cystofilobasidiales,100%,Cystofilobasidiaceae,100%,Guehomyces,NA
OTU5697,Fungi,1,Ascomycota,100%,Dothideomycetes,93%,Botryosphaeriales,14%,Botryosphaeriaceae,14%,Microdiplodia,NA
OTU314,Fungi,1,Ascomycota,100%,Sordariomycetes,100%,Sordariales,100%,Chaetomiaceae,65%,Chaetomidium,NA
OTU776,Fungi,1,Basidiomycota,100%,Agaricomycetes,100%,Agaricales,100%,Cortinariaceae,92%,Hebeloma,NA
OTU65,Fungi,1,Ascomycota,100%,Dothideomycetes,100%,Pleosporales,100%,Montagnulaceae,100%,Karstenula,NA
OTU1762,Fungi,1,Ascomycota,100%,Ascomycota incertae sedis,74%,Ascomycota incertae sedis,74%,Ascomycota incertae sedis,74%,Scolecobasidiella,NA
OTU108,Fungi,1,Ascomycota,100%,Sordariomycetes,100%,Sordariales,100%,Sordariaceae,100%,Sordaria,NA
OTU1013,Fungi,1,Ascomycota,100%,Dothideomycetes,100%,Capnodiales,100%,Capnodiaceae,100%,Microxyphium,NA
OTU10462,Fungi,1,Ascomycota,100%,Dothideomycetes,100%,Pleosporales,100%,Pleosporaceae,50%,Pleospora,NA
OTU206,Fungi,1,Ascomycota,100%,Dothideomycetes,94%,Dothideomycetes incertae sedis,31%,Dothideomycetes incertae sedis,31%,Asteromella,NA
OTU797,Fungi,1,Basidiomycota,100%,Agaricomycetes,100%,Agaricales,100%,Agaricaceae,95%,Tulostoma,NA
OTU1214,Fungi,1,Ascomycota,100%,Dothideomycetes,100%,Pleosporales,100%,Pleosporales incertae sedis,58%,Camarosporium,NA
OTU825,Fungi,1,Basidiomycota,100%,Tremellomycetes,99%,Tremellales,99%,Tremellaceae,93%,Cryptococcus,NA
OTU1858,Fungi,1,Ascomycota,100%,Dothideomycetes,100%,Pleosporales,100%,Pleosporaceae,99%,Pyrenochaeta,NA
OTU6827,Fungi,1,Ascomycota,100%,Sordariomycetes,100%,Sordariales,100%,Chaetomiaceae,64%,Chaetomium,NA
OTU5628,Fungi,1,Ascomycota,100%,Dothideomycetes,100%,Pleosporales,94%,Didymellaceae,56%,Leptosphaerulina,NA
OTU3233,Fungi,1,Ascomycota,100%,Dothideomycetes,100%,Pleosporales,100%,Massariaceae,69%,Massaria,NA
OTU1144,Fungi,1,Ascomycota,100%,Dothideomycetes,100%,Dothideomycetes incertae sedis,41%,Dothideomycetes incertae sedis,41%,Epicoccum,NA
OTU269,Fungi,1,Ascomycota,100%,Sordariomycetes,100%,Hypocreales,100%,Bionectriaceae,99%,Nectriopsis,NA
OTU13052,Fungi,1,Ascomycota,100%,Dothideomycetes,99%,Pleosporales,99%,Pleosporaceae,73%,Pleospora,NA
OTU7570,Fungi,1,Ascomycota,100%,Sordariomycetes,100%,Coniochaetales,98%,Coniochaetaceae,68%,Coniochaeta,NA
OTU1395,Fungi,1,Ascomycota,100%,Sordariomycetes,100%,Hypocreales,100%,Bionectriaceae,81%,Bionectria,NA
OTU4886,Fungi,1,Ascomycota,100%,Dothideomycetes,100%,Pleosporales,100%,Phaeosphaeriaceae,74%,Phaeosphaeria,NA
OTU4946,Fungi,1,Ascomycota,100%,Sordariomycetes,100%,Xylariales,100%,Amphisphaeriaceae,100%,Truncatella,NA
OTU1715,Fungi,1,Ascomycota,100%,Ascomycota incertae sedis,100%,Ascomycota incertae sedis,100%,Ascomycota incertae sedis,100%,Troposporella,NA
OTU437,Fungi,1,Ascomycota,100%,Sordariomycetes,100%,Coniochaetales,97%,Coniochaetaceae,92%,Coniochaeta,NA
OTU1335,Fungi,1,Ascomycota,100%,Leotiomycetes,96%,Helotiales,74%,Helotiales incertae sedis,64%,Chalara,NA
OTU248,Fungi,1,Ascomycota,100%,Sordariomycetes,100%,Sordariales,98%,Lasiosphaeriaceae,83%,Zygopleurage,NA
OTU7252,Fungi,1,Ascomycota,100%,Lecanoromycetes,46%,Lecanorales,22%,Lecideaceae,11%,Lecidea,NA
OTU1172,Fungi,1,Ascomycota,100%,Eurotiomycetes,72%,Chaetothyriales,62%,Herpotrichiellaceae,62%,Cyphellophora,NA
OTU1357,Fungi,1,Ascomycota,100%,Dothideomycetes,100%,Pleosporales,77%,Montagnulaceae,47%,Paraphaeosphaeria,NA
OTU1634,Fungi,1,Ascomycota,100%,Dothideomycetes,100%,Pleosporales,91%,Phaeosphaeriaceae,63%,Phaeosphaeria,NA
OTU508,Fungi,1,Ascomycota,100%,Eurotiomycetes,99%,Chaetothyriales,99%,Herpotrichiellaceae,99%,Capronia,NA
OTU964,Fungi,1,Ascomycota,100%,Pezizomycetes,100%,Pezizales,100%,Sarcosomataceae,99%,Strobiloscypha,NA
OTU433,Fungi,1,Ascomycota,100%,Dothideomycetes,100%,Pleosporales,100%,Phaeosphaeriaceae,55%,Phaeosphaeria,NA
OTU2222,Fungi,1,Ascomycota,100%,Dothideomycetes,99%,Pleosporales,99%,Pleosporaceae,74%,Pithomyces,NA
OTU742,Fungi,1,Ascomycota,100%,Dothideomycetes,94%,Pleosporales,93%,Sporormiaceae,58%,Westerdykella,NA
OTU2377,Fungi,1,Ascomycota,100%,Eurotiomycetes,89%,Chaetothyriales,89%,Herpotrichiellaceae,89%,Exophiala,NA
OTU6912,Fungi,1,Ascomycota,100%,Dothideomycetes,99%,Pleosporales,98%,Massariaceae,19%,Massaria,NA
OTU1768,Fungi,1,Ascomycota,100%,Sordariomycetes,100%,Diaporthales,100%,Valsaceae,100%,Phomopsis,NA
OTU1305,Fungi,1,Ascomycota,100%,Dothideomycetes,100%,Botryosphaeriales,48%,Botryosphaeriaceae,48%,Phyllosticta,NA
OTU2176,Fungi,1,Basidiomycota,100%,Agaricomycetes,100%,Agaricales,100%,Psathyrellaceae,92%,Coprinopsis,NA
OTU928,Fungi,1,Ascomycota,100%,Sordariomycetes,100%,Hypocreales,96%,Niessliaceae,12%,Niesslia,NA
OTU342,Fungi,1,Ascomycota,100%,Sordariomycetes,100%,Hypocreales,99%,Bionectriaceae,84%,Hydropisphaera,NA
OTU13403,Fungi,1,Ascomycota,100%,Dothideomycetes,100%,Pleosporales,95%,Pleosporaceae,61%,Stagonospora,NA
OTU422,Fungi,1,Ascomycota,100%,Dothideomycetes,72%,Dothideomycetes incertae sedis,33%,Dothideomycetes incertae sedis,33%,Repetophragma,NA
OTU553,Fungi,1,Ascomycota,100%,Sordariomycetes,91%,Hypocreales,86%,Nectriaceae,81%,Nectria,NA
OTU1726,Fungi,1,Ascomycota,100%,Dothideomycetes,99%,Pleosporales,98%,Pleosporaceae,96%,Pleospora,NA
OTU569,Fungi,1,Ascomycota,100%,Sordariomycetes,100%,Hypocreales,100%,Bionectriaceae,97%,Bionectria,NA
OTU4589,Fungi,1,Ascomycota,100%,Eurotiomycetes,99%,Chaetothyriales,99%,Herpotrichiellaceae,99%,Cyphellophora,NA
OTU5807,Fungi,1,Ascomycota,100%,Sordariomycetes,100%,Hypocreales,100%,Clavicipitaceae,100%,Metarhizium,NA
OTU529,Fungi,1,Ascomycota,100%,Sordariomycetes,100%,Magnaporthales,100%,Magnaporthaceae,100%,Phialophora,NA
OTU621,Fungi,1,Basidiomycota,100%,Tremellomycetes,88%,Tremellales,81%,Tremellaceae,67%,Tsuchiyaea,NA
OTU2629,Fungi,1,Ascomycota,100%,Eurotiomycetes,96%,Chaetothyriales,90%,Herpotrichiellaceae,78%,Rhinocladiella,NA
OTU567,Fungi,1,Ascomycota,100%,Sordariomycetes,100%,Hypocreales,98%,Nectriaceae,88%,Pseudonectria,NA
OTU935,Fungi,1,Ascomycota,100%,Sordariomycetes,95%,Phyllachorales,55%,Phyllachoraceae,55%,Plectosphaerella,NA
OTU2504,Fungi,1,Ascomycota,100%,Eurotiomycetes,100%,Eurotiales,100%,Trichocomaceae,99%,Eurotium,NA
OTU2982,Fungi,1,Ascomycota,100%,Eurotiomycetes,97%,Chaetothyriales,94%,Herpotrichiellaceae,94%,Capronia,NA
OTU204,Fungi,1,Ascomycota,100%,Sordariomycetes,100%,Sordariales,100%,Lasiosphaeriaceae,99%,Apiosordaria,NA
OTU4160,Fungi,1,Ascomycota,100%,Dothideomycetes,100%,Pleosporales,97%,Sporormiaceae,80%,Westerdykella,NA
OTU7108,Fungi,1,Ascomycota,100%,Sordariomycetes,100%,Hypocreales,98%,Niessliaceae,16%,Niesslia,NA
OTU13642,Fungi,1,Ascomycota,100%,Eurotiomycetes,100%,Eurotiales,97%,Trichocomaceae,87%,Penicillium,NA
OTU341,Fungi,1,Fungi incertae sedis,100%,Zygomycota incertae sedis,100%,Mucorales 2,100%,Mucoraceae,100%,Mucor,NA
OTU673,Fungi,1,Ascomycota,100%,Sordariomycetes,99%,Hypocreales,99%,Bionectriaceae,83%,Peethambara,NA
OTU15389,Fungi,1,Ascomycota,100%,Dothideomycetes,94%,Pleosporales,94%,Pleosporaceae,88%,Pyrenochaeta,NA
OTU411,Fungi,1,Ascomycota,100%,Dothideomycetes,100%,Pleosporales,93%,Phaeosphaeriaceae,74%,Phaeodothis,NA
OTU188,Fungi,1,Ascomycota,100%,Leotiomycetes,100%,Leotiomycetes incertae sedis,39%,Leotiomycetes incertae sedis,39%,Collophora,NA
OTU679,Fungi,1,Basidiomycota,100%,Agaricomycetes,100%,Agaricales,100%,Lycoperdaceae,100%,Lycoperdon,NA
OTU10088,Fungi,1,Ascomycota,100%,Dothideomycetes,98%,Pleosporales,60%,Pleosporaceae,56%,Pleospora,NA
OTU588,Fungi,1,Basidiomycota,100%,Agaricomycetes,100%,Boletales,86%,Stephanosporaceae,86%,Stephanospora,NA
OTU948,Fungi,1,Ascomycota,100%,Dothideomycetes,100%,Pleosporales,99%,Montagnulaceae,92%,Montagnula,NA
OTU6626,Fungi,1,Ascomycota,100%,Dothideomycetes,98%,Pleosporales,78%,Montagnulaceae,32%,Karstenula,NA
OTU2747,Fungi,1,Ascomycota,100%,Eurotiomycetes,61%,Eurotiales,58%,Trichocomaceae,58%,Chromocleista,NA
OTU1496,Fungi,1,Ascomycota,100%,Sordariomycetes,100%,Melanosporales,60%,Melanosporaceae,60%,Melanospora,NA
OTU4579,Fungi,1,Ascomycota,100%,Pezizomycetes,100%,Pezizales,100%,Ascobolaceae,98%,Ascobolus,NA
OTU1801,Fungi,1,Ascomycota,100%,Leotiomycetes,100%,Helotiales,98%,Helotiales incertae sedis,96%,Tetracladium,NA
OTU966,Fungi,1,Ascomycota,100%,Eurotiomycetes,100%,Chaetothyriales,100%,Herpotrichiellaceae,100%,Capronia,NA
OTU2558,Fungi,1,Ascomycota,100%,Dothideomycetes,100%,Capnodiales,100%,Capnodiales incertae sedis,99%,Capnodiales incertae sedis,NA
OTU4838,Fungi,1,Ascomycota,100%,Dothideomycetes,100%,Pleosporales,96%,Sporormiaceae,83%,Westerdykella,NA
OTU873,Fungi,1,Ascomycota,100%,Eurotiomycetes,100%,Chaetothyriales,100%,Herpotrichiellaceae,100%,Cyphellophora,NA
OTU4776,Fungi,1,Ascomycota,100%,Sordariomycetes,100%,Hypocreales,100%,Nectriaceae,100%,Neonectria,NA
OTU5684,Fungi,1,Ascomycota,100%,Sordariomycetes,100%,Diaporthales,100%,Valsaceae,99%,Valsa,NA
OTU1579,Fungi,1,Ascomycota,100%,Sordariomycetes,99%,Microascales,97%,Microascaceae,97%,Microascus,NA
OTU1401,Fungi,1,Ascomycota,100%,Dothideomycetes,100%,Capnodiales,100%,Capnodiales incertae sedis,95%,Capnodiales incertae sedis,NA
OTU258,Fungi,1,Basidiomycota,87%,Tremellomycetes,78%,Tremellales,71%,Tremellaceae,28%,Asterotremella,NA
OTU10488,Fungi,1,Ascomycota,98%,Eurotiomycetes,95%,Onygenales,55%,Arachnomycetaceae,53%,Arachnomyces,NA
OTU1702,Fungi,1,Ascomycota,100%,Dothideomycetes,100%,Pleosporales,99%,Phaeosphaeriaceae,80%,Phaeosphaeria,NA
OTU6514,Fungi,1,Ascomycota,100%,Dothideomycetes,98%,Pleosporales,97%,Massarinaceae,36%,Massarina,NA
OTU1285,Fungi,1,Basidiomycota,100%,Agaricomycetes,100%,Agaricales,100%,Tricholomataceae,86%,Tricholoma,NA
OTU10151,Fungi,1,Basidiomycota,100%,Agaricomycetes,100%,Agaricales,100%,Tricholomataceae,100%,Omphalina,NA
OTU1282,Fungi,1,Ascomycota,100%,Dothideomycetes,100%,Pleosporales,100%,Montagnulaceae,80%,Karstenula,NA
OTU1410,Fungi,1,Ascomycota,100%,Eurotiomycetes,95%,Eurotiales,95%,Trichocomaceae,94%,Chromocleista,NA
OTU6225,Fungi,1,Ascomycota,100%,Sordariomycetes,100%,Hypocreales,99%,Clavicipitaceae,76%,Paecilomyces,NA
OTU3881,Fungi,1,Ascomycota,100%,Eurotiomycetes,97%,Onygenales,92%,Arachnomycetaceae,82%,Arachnomyces,NA
OTU14414,Fungi,1,Ascomycota,100%,Eurotiomycetes,91%,Eurotiales,91%,Trichocomaceae,91%,Emericella,NA
OTU4722,Fungi,1,Ascomycota,99%,Ascomycota incertae sedis,50%,Ascomycota incertae sedis,50%,Ascomycota incertae sedis,50%,Scolecobasidiella,NA
OTU4469,Fungi,1,Ascomycota,100%,Eurotiomycetes,100%,Eurotiales,100%,Trichocomaceae,95%,Eupenicillium,NA
OTU80,Fungi,1,Ascomycota,100%,Dothideomycetes,100%,Pleosporales,100%,Pleosporaceae,100%,Pyrenochaeta,NA
OTU4766,Fungi,1,Ascomycota,100%,Dothideomycetes,100%,Pleosporales,100%,Pleosporales incertae sedis,100%,Lophiotrema,NA
OTU332,Fungi,1,Fungi incertae sedis,100%,Zygomycota incertae sedis,100%,Mucorales 2,100%,Mucoraceae,100%,Rhizopus,NA
OTU169,Fungi,1,Ascomycota,100%,Sordariomycetes,100%,Sordariomycetes incertae sedis,100%,Sordariomycetes incertae sedis,100%,Myrmecridium,NA
OTU8231,Fungi,1,Ascomycota,100%,Dothideomycetes,97%,Pleosporales,96%,Pleosporaceae,43%,Pleospora,NA
OTU12841,Fungi,1,Ascomycota,100%,Dothideomycetes,100%,Pleosporales,99%,Phaeosphaeriaceae,96%,Phaeosphaeria,NA
OTU15384,Fungi,1,Ascomycota,100%,Dothideomycetes,72%,Pleosporales,57%,Phaeosphaeriaceae,12%,Unknown,NA
OTU15027,Fungi,1,Ascomycota,100%,Sordariomycetes,100%,Sordariales,94%,Chaetomiaceae,73%,Corynascus,NA
OTU15109,Fungi,1,Ascomycota,100%,Dothideomycetes,97%,Pleosporales,94%,Sporormiaceae,88%,Westerdykella,NA
OTU9486,Fungi,1,Ascomycota,100%,Sordariomycetes,100%,Sordariomycetes incertae sedis,100%,Sordariomycetes incertae sedis,98%,Myrmecridium,NA
OTU11561,Fungi,1,Ascomycota,100%,Sordariomycetes,99%,Hypocreales,99%,Nectriaceae,98%,Gibberella,NA
OTU3657,Fungi,1,Ascomycota,100%,Dothideomycetes,97%,Pleosporales,95%,Phaeosphaeriaceae,83%,Phaeosphaeria,NA
OTU1113,Fungi,1,Ascomycota,100%,Eurotiomycetes,100%,Eurotiales,99%,Trichocomaceae,98%,Aspergillus,NA
OTU141,Fungi,1,Ascomycota,98%,Eurotiomycetes,48%,Eurotiales,42%,Trichocomaceae,29%,Eurotium,NA
OTU54,Fungi,1,Ascomycota,100%,Eurotiomycetes,100%,Eurotiales,100%,Trichocomaceae,96%,Aspergillus,NA
OTU47,Fungi,1,Ascomycota,100%,Ascomycota incertae sedis,21%,Ascomycota incertae sedis,21%,Ascomycota incertae sedis,21%,Trichothecium,NA
OTU383,Fungi,1,Ascomycota,100%,Eurotiomycetes,100%,Chaetothyriales,100%,Herpotrichiellaceae,100%,Veronaea,NA
OTU1793,Fungi,1,Ascomycota,100%,Eurotiomycetes,100%,Eurotiales,94%,Trichocomaceae,93%,Aspergillus,NA
OTU2664,Fungi,1,Ascomycota,100%,Leotiomycetes,91%,Leotiomycetes incertae sedis,44%,Myxotrichaceae,27%,Amorphotheca,NA
OTU717,Fungi,1,Ascomycota,100%,Sordariomycetes,100%,Hypocreales,100%,Nectriaceae,99%,Nectria,NA
OTU298,Fungi,1,Ascomycota,100%,Ascomycota incertae sedis,34%,Ascomycota incertae sedis,34%,Ascomycota incertae sedis,34%,Curvicladium,NA
OTU432,Fungi,1,Ascomycota,100%,Eurotiomycetes,100%,Eurotiales,100%,Trichocomaceae,100%,Hamigera,NA
OTU13953,Fungi,1,Ascomycota,100%,Sordariomycetes,97%,Phyllachorales,82%,Phyllachoraceae,82%,Plectosphaerella,NA
OTU2286,Fungi,1,Ascomycota,100%,Dothideomycetes,100%,Pleosporales,99%,Pleosporaceae,97%,Pleospora,NA
OTU195,Fungi,1,Ascomycota,100%,Dothideomycetes,100%,Pleosporales,100%,Sporormiaceae,48%,Westerdykella,NA
OTU9933,Fungi,1,Ascomycota,100%,Sordariomycetes,98%,Phyllachorales,94%,Phyllachoraceae,94%,Plectosphaerella,NA
OTU676,Fungi,1,Fungi incertae sedis,100%,Zygomycota incertae sedis,100%,Mucorales 2,100%,Thamnidiaceae,88%,Thamnidium,NA
OTU15331,Fungi,1,Ascomycota,100%,Sordariomycetes,100%,Hypocreales,100%,Clavicipitaceae,98%,Paecilomyces,NA
OTU1453,Fungi,1,Ascomycota,100%,Sordariomycetes,88%,Xylariales,75%,Xylariaceae,51%,Anthostomella,NA
OTU8406,Fungi,1,Ascomycota,100%,Dothideomycetes,100%,Pleosporales,97%,Didymellaceae,50%,Didymella,NA
OTU4067,Fungi,1,Ascomycota,100%,Dothideomycetes,66%,Hysteriales,17%,Hysteriaceae,9%,Ostreichnion,NA
OTU1032,Fungi,1,Ascomycota,100%,Sordariomycetes,100%,Xylariales,89%,Xylariales incertae sedis,27%,Subramaniomyces,NA
OTU697,Fungi,1,Ascomycota,100%,Dothideomycetes,100%,Pleosporales,100%,Sporormiaceae,95%,Westerdykella,NA
OTU13629,Fungi,1,Ascomycota,100%,Dothideomycetes,98%,Pleosporales,96%,Pleosporaceae,82%,Pleospora,NA
OTU4103,Fungi,1,Ascomycota,100%,Sordariomycetes,100%,Hypocreales,100%,Nectriaceae,99%,Pseudonectria,NA
OTU14827,Fungi,1,Ascomycota,100%,Sordariomycetes,100%,Microascales,93%,Microascaceae,93%,Doratomyces,NA
OTU9102,Fungi,1,Ascomycota,100%,Sordariomycetes,100%,Sordariomycetes incertae sedis,61%,Sordariomycetes incertae sedis,61%,Myrmecridium,NA
OTU11694,Fungi,1,Ascomycota,100%,Sordariomycetes,100%,Hypocreales,73%,Hypocreaceae,73%,Trichoderma,NA
OTU1329,Fungi,1,Ascomycota,100%,Sordariomycetes,100%,Hypocreales,95%,Niessliaceae,35%,Niesslia,NA
OTU1609,Fungi,1,Ascomycota,100%,Dothideomycetes,100%,Pleosporales,98%,Montagnulaceae,57%,Bimuria,NA
OTU3131,Fungi,1,Ascomycota,100%,Sordariomycetes,99%,Phyllachorales,94%,Phyllachoraceae,94%,Plectosphaerella,NA
OTU7831,Fungi,1,Ascomycota,100%,Dothideomycetes,98%,Pleosporales,97%,Leptosphaeriaceae,41%,Leptosphaeria,NA
OTU1256,Fungi,1,Ascomycota,100%,Sordariomycetes,100%,Melanosporales,44%,Melanosporaceae,44%,Melanospora,NA
OTU275,Fungi,1,Ascomycota,100%,Leotiomycetes,98%,Helotiales,89%,Dermateaceae,26%,Neofabraea,NA
OTU540,Fungi,1,Ascomycota,100%,Dothideomycetes,100%,Pleosporales,93%,Sporormiaceae,38%,Westerdykella,NA
OTU7144,Fungi,1,Ascomycota,100%,Dothideomycetes,100%,Pleosporales,100%,Pleosporales incertae sedis,78%,Ochrocladosporium,NA
OTU5317,Fungi,1,Ascomycota,100%,Dothideomycetes,91%,Pleosporales,90%,Lophiostomataceae,60%,Herpotrichia,NA
OTU6677,Fungi,1,Ascomycota,100%,Sordariomycetes,99%,Microascales,99%,Microascaceae,99%,Doratomyces,NA
OTU11288,Fungi,1,Ascomycota,100%,Leotiomycetes,85%,Helotiales,62%,Helotiaceae,34%,Crinula,NA
OTU9073,Fungi,1,Ascomycota,100%,Eurotiomycetes,99%,Eurotiales,99%,Trichocomaceae,99%,Eupenicillium,NA
OTU1146,Fungi,1,Basidiomycota,100%,Agaricomycetes,100%,Atheliales,100%,Atheliaceae,100%,uncultured_Atheliaceae,NA
OTU4326,Fungi,1,Ascomycota,100%,Sordariomycetes,100%,Melanosporales,61%,Melanosporaceae,61%,Melanospora,NA
OTU3188,Fungi,1,Ascomycota,100%,Ascomycota incertae sedis,81%,Ascomycota incertae sedis,81%,Ascomycota incertae sedis,81%,Troposporella,NA
OTU13183,Fungi,1,Ascomycota,99%,Eurotiomycetes,96%,Eurotiales,95%,Elaphomycetaceae,47%,Monascus,NA
OTU7481,Fungi,1,Ascomycota,100%,Sordariomycetes,100%,Hypocreales,100%,Clavicipitaceae,94%,Pochonia,NA
OTU345,Fungi,1,Ascomycota,100%,Sordariomycetes,100%,Microascales,100%,Microascaceae,98%,Doratomyces,NA
OTU14764,Fungi,1,Ascomycota,100%,Eurotiomycetes,100%,Eurotiales,100%,Trichocomaceae,83%,Eupenicillium,NA
OTU5503,Fungi,1,Ascomycota,100%,Sordariomycetes,91%,Hypocreales,89%,Bionectriaceae,19%,Peethambara,NA
OTU14834,Fungi,1,Ascomycota,100%,Eurotiomycetes,55%,Eurotiales,55%,Trichocomaceae,55%,Emericella,NA
OTU265,Fungi,1,Ascomycota,100%,Dothideomycetes,99%,Pleosporales,98%,Pleosporales incertae sedis,47%,Plenodomus,NA
OTU545,Fungi,1,Ascomycota,100%,Dothideomycetes,48%,Pleosporales,19%,Dacampiaceae,15%,Munkovalsaria,NA
OTU6565,Fungi,1,Ascomycota,100%,Dothideomycetes,100%,Dothideomycetes incertae sedis,20%,Dothideomycetes incertae sedis,20%,Sclerostagonospora,NA
OTU13242,Fungi,1,Ascomycota,100%,Sordariomycetes,84%,Hypocreales,82%,Nectriaceae,78%,Gibberella,NA
OTU13733,Fungi,1,Ascomycota,100%,Sordariomycetes,99%,Hypocreales,90%,Nectriaceae,87%,Nectria,NA
OTU1098,Fungi,1,Ascomycota,100%,Leotiomycetes,100%,Helotiales,62%,Helotiaceae,50%,Crinula,NA
OTU3782,Fungi,1,Ascomycota,100%,Dothideomycetes,100%,Pleosporales,100%,Pleosporaceae,95%,Pyrenochaeta,NA
OTU3325,Fungi,1,Ascomycota,100%,Sordariomycetes,100%,Sordariales,99%,Chaetomiaceae,47%,Corynascus,NA
OTU6992,Fungi,1,Ascomycota,100%,Dothideomycetes,100%,Pleosporales,100%,Leptosphaeriaceae,63%,Leptosphaeria,NA
OTU8749,Fungi,1,Ascomycota,100%,Eurotiomycetes,98%,Eurotiales,98%,Trichocomaceae,98%,Aspergillus,NA
OTU8505,Fungi,1,Ascomycota,100%,Sordariomycetes,47%,Phyllachorales,45%,Phyllachoraceae,45%,Plectosphaerella,NA
OTU13458,Fungi,1,Ascomycota,100%,Dothideomycetes,88%,Pleosporales,76%,Pleosporaceae,64%,Pyrenochaeta,NA
OTU11540,Fungi,1,Ascomycota,100%,Sordariomycetes,99%,Hypocreales,98%,Nectriaceae,92%,Gibberella,NA
OTU6850,Fungi,1,Ascomycota,100%,Sordariomycetes,95%,Hypocreales,95%,Nectriaceae,89%,Gibberella,NA
OTU12596,Fungi,1,Ascomycota,100%,Eurotiomycetes,99%,Eurotiales,99%,Trichocomaceae,99%,Aspergillus,NA
OTU3592,Fungi,1,Ascomycota,99%,Sordariomycetes,80%,Sordariomycetes incertae sedis,34%,Sordariomycetes incertae sedis,34%,Phlogicylindrium,NA
OTU14197,Fungi,1,Ascomycota,100%,Eurotiomycetes,82%,Eurotiales,82%,Trichocomaceae,81%,Emericella,NA
OTU6297,Fungi,1,Ascomycota,100%,Eurotiomycetes,97%,Eurotiales,96%,Trichocomaceae,92%,Aspergillus,NA
OTU659,Fungi,1,Ascomycota,100%,Ascomycota incertae sedis,38%,Ascomycota incertae sedis,38%,Ascomycota incertae sedis,38%,Curvicladium,NA
OTU3636,Fungi,1,Ascomycota,100%,Sordariomycetes,100%,Magnaporthales,30%,Magnaporthaceae,30%,Buergenerula,NA
OTU6100,Fungi,1,Ascomycota,100%,Sordariomycetes,99%,Hypocreales,97%,Nectriaceae,88%,Nectria,NA
OTU970,Fungi,1,Ascomycota,100%,Eurotiomycetes,100%,Eurotiales,99%,Trichocomaceae,99%,Hamigera,NA
OTU14862,Fungi,1,Ascomycota,100%,Sordariomycetes,95%,Hypocreales,95%,Nectriaceae,63%,Gibberella,NA
OTU6328,Fungi,1,Ascomycota,100%,Dothideomycetes,66%,Hysteriales,29%,Hysteriaceae,29%,Hysterographium,NA
OTU753,Fungi,1,Ascomycota,100%,Dothideomycetes,96%,Pleosporales,95%,Massarinaceae,38%,Byssothecium,NA
OTU968,Fungi,1,Ascomycota,100%,Leotiomycetes,98%,Helotiales,83%,Helotiaceae,71%,Tricladium,NA
OTU2399,Fungi,1,Ascomycota,100%,Ascomycota incertae sedis,97%,Ascomycota incertae sedis,95%,Ascomycota incertae sedis,95%,Scolecobasidiella,NA
OTU9938,Fungi,1,Ascomycota,100%,Dothideomycetes,100%,Pleosporales,100%,Pleosporaceae,71%,Pyrenochaeta,NA
OTU5620,Fungi,1,Ascomycota,100%,Sordariomycetes,100%,Phyllachorales,94%,Phyllachoraceae,94%,Plectosphaerella,NA
OTU1628,Fungi,1,Ascomycota,100%,Sordariomycetes,100%,Hypocreales,98%,Bionectriaceae,31%,Nectriopsis,NA
OTU438,Fungi,1,Ascomycota,100%,Dothideomycetes,100%,Dothideales,100%,Dothioraceae,99%,Dothiora,NA
OTU255,Fungi,1,Ascomycota,100%,Dothideomycetes,100%,Pleosporales,100%,Phaeosphaeriaceae,54%,Entodesmium,NA
OTU15435,Fungi,1,Ascomycota,100%,Sordariomycetes,100%,Sordariales,54%,Chaetomiaceae,49%,Corynascus,NA
OTU7439,Fungi,1,Ascomycota,100%,Sordariomycetes,100%,Hypocreales,99%,Nectriaceae,84%,Pseudonectria,NA
OTU8546,Fungi,1,Ascomycota,100%,Dothideomycetes,100%,Pleosporales,97%,Leptosphaeriaceae,48%,Leptosphaeria,NA
OTU14026,Fungi,1,Ascomycota,100%,Dothideomycetes,99%,Pleosporales,99%,Phaeosphaeriaceae,50%,Phaeosphaeria,NA
OTU8881,Fungi,1,Ascomycota,100%,Sordariomycetes,100%,Sordariales,73%,Lasiosphaeriaceae,71%,Podospora,NA
OTU2635,Fungi,1,Ascomycota,100%,Sordariomycetes,93%,Xylariales,77%,Xylariales incertae sedis,23%,Parapleurotheciopsis,NA
OTU5161,Fungi,1,Ascomycota,100%,Sordariomycetes,76%,Hypocreales,73%,Nectriaceae,73%,Gibberella,NA
OTU7209,Fungi,1,Ascomycota,100%,Sordariomycetes,100%,Sordariales,95%,Chaetomiaceae,48%,Corynascus,NA
OTU4952,Fungi,1,Ascomycota,100%,Eurotiomycetes,100%,Eurotiales,99%,Trichocomaceae,96%,Emericella,NA
OTU4146,Fungi,1,Ascomycota,100%,Dothideomycetes,92%,Pleosporales,92%,Lophiostomataceae,38%,Lophiostoma,NA
OTU14454,Fungi,1,Ascomycota,100%,Sordariomycetes,100%,Hypocreales,99%,Nectriaceae,95%,Gibberella,NA
OTU183,Fungi,1,Ascomycota,100%,Leotiomycetes,99%,Helotiales,96%,Vibrisseaceae,64%,Vibrissea,NA
OTU14780,Fungi,1,Ascomycota,100%,Dothideomycetes,100%,Pleosporales,100%,Pleosporaceae,80%,Alternaria,NA
OTU7292,Fungi,1,Ascomycota,100%,Sordariomycetes,100%,Sordariales,81%,Lasiosphaeriaceae,48%,Cercophora,NA
OTU11513,Fungi,1,Ascomycota,100%,Sordariomycetes,100%,Hypocreales,100%,Nectriaceae,96%,Neonectria,NA
OTU3314,Fungi,1,Ascomycota,100%,Dothideomycetes,100%,Pleosporales,100%,Phaeosphaeriaceae,58%,Phaeosphaeria,NA
OTU13977,Fungi,1,Ascomycota,100%,Leotiomycetes,98%,Helotiales,91%,Helotiaceae,82%,Crinula,NA
OTU308,Fungi,1,Basidiomycota,100%,Agaricomycetes,100%,Boletales,100%,Boletaceae,100%,Sclerogaster,NA
OTU7326,Fungi,1,Ascomycota,100%,Dothideomycetes,99%,Pleosporales,97%,Sporormiaceae,66%,Preussia,NA
OTU687,Fungi,1,Ascomycota,100%,Sordariomycetes,85%,Hypocreales,84%,Niessliaceae,16%,Emericellopsis,NA
OTU13269,Fungi,1,Ascomycota,100%,Eurotiomycetes,99%,Chaetothyriales,99%,Herpotrichiellaceae,99%,Thysanorea,NA
OTU8807,Fungi,1,Ascomycota,100%,Dothideomycetes,97%,Pleosporales,97%,Sporormiaceae,73%,Westerdykella,NA
OTU1922,Fungi,1,Ascomycota,100%,Dothideomycetes,98%,Pleosporales,91%,Sporormiaceae,69%,Westerdykella,NA
OTU9600,Fungi,1,Ascomycota,100%,Sordariomycetes,99%,Sordariales,94%,Chaetomiaceae,83%,Chaetomium,NA
OTU3600,Fungi,1,Ascomycota,100%,Sordariomycetes,97%,Hypocreales,95%,Nectriaceae,58%,Gibberella,NA
OTU4717,Fungi,1,Ascomycota,100%,Leotiomycetes,87%,Helotiales,81%,Helotiaceae,51%,Cudoniella,NA
OTU6787,Fungi,1,Ascomycota,100%,Eurotiomycetes,95%,Chaetothyriales,94%,Herpotrichiellaceae,93%,Capronia,NA
OTU260,Fungi,1,Ascomycota,100%,Ascomycota incertae sedis,19%,Ascomycota incertae sedis,19%,Ascomycota incertae sedis,19%,Curvicladium,NA
OTU2103,Fungi,1,Ascomycota,100%,Dothideomycetes,100%,Pleosporales,100%,Montagnulaceae,100%,Bimuria,NA
OTU12083,Fungi,1,Ascomycota,99%,Ascomycota incertae sedis,74%,Ascomycota incertae sedis,74%,Ascomycota incertae sedis,74%,Scolecobasidiella,NA
OTU5251,Fungi,1,Ascomycota,100%,Dothideomycetes,99%,Pleosporales,99%,Pleosporales incertae sedis,64%,Thyridaria,NA
OTU4710,Fungi,1,Ascomycota,100%,Ascomycota incertae sedis,26%,Ascomycota incertae sedis,26%,Ascomycota incertae sedis,26%,Curvicladium,NA
OTU14469,Fungi,1,Ascomycota,100%,Dothideomycetes,100%,Pleosporales,83%,Phaeosphaeriaceae,30%,Loratospora,NA
OTU8910,Fungi,1,Basidiomycota,99%,Agaricostilbomycetes,99%,Agaricostilbales,86%,Chionosphaeraceae,86%,Kurtzmanomyces,NA
OTU12138,Fungi,1,Ascomycota,100%,Pezizomycetes,94%,Pezizales,94%,Ascodesmidaceae,90%,Ascodesmis,NA
OTU3601,Fungi,1,Ascomycota,100%,Eurotiomycetes,100%,Eurotiales,99%,Trichocomaceae,96%,Aspergillus,NA
OTU9475,Fungi,1,Ascomycota,100%,Sordariomycetes,100%,Sordariales,99%,Lasiosphaeriaceae,80%,Cercophora,NA
OTU5749,Fungi,1,Ascomycota,100%,Ascomycota incertae sedis,48%,Ascomycota incertae sedis,48%,Ascomycota incertae sedis,48%,Scolecobasidiella,NA
OTU4587,Fungi,1,Ascomycota,100%,Eurotiomycetes,99%,Eurotiales,98%,Trichocomaceae,98%,Aspergillus,NA
OTU13628,Fungi,1,Ascomycota,100%,Sordariomycetes,100%,Sordariomycetes incertae sedis,100%,Glomerellaceae,100%,Glomerella,NA
OTU692,Fungi,1,Ascomycota,100%,Leotiomycetes,98%,Helotiales,96%,Hyaloscyphaceae,78%,Hyaloscypha,NA
OTU10495,Fungi,1,Ascomycota,100%,Dothideomycetes,100%,Pleosporales,100%,Leptosphaeriaceae,73%,Leptosphaeria,NA
OTU3009,Fungi,1,Ascomycota,100%,Sordariomycetes,100%,Hypocreales,100%,Nectriaceae,93%,Neonectria,NA
OTU9160,Fungi,1,Ascomycota,100%,Dothideomycetes,100%,Pleosporales,100%,Sporormiaceae,77%,Westerdykella,NA
OTU9398,Fungi,1,Ascomycota,100%,Sordariomycetes,93%,Xylariales,39%,Xylariales incertae sedis,19%,Subramaniomyces,NA
OTU4294,Fungi,1,Ascomycota,100%,Sordariomycetes,99%,Hypocreales,96%,Bionectriaceae,47%,Stilbocrea,NA
OTU11720,Fungi,1,Ascomycota,100%,Sordariomycetes,93%,Sordariomycetes incertae sedis,85%,Sordariomycetes incertae sedis,85%,Myrmecridium,NA
OTU15423,Fungi,1,Ascomycota,100%,Dothideomycetes,86%,Pleosporales,86%,Phaeosphaeriaceae,45%,Phaeosphaeria,NA
OTU12349,Fungi,1,Ascomycota,100%,Leotiomycetes,96%,Helotiales,77%,Helotiaceae,62%,Crinula,NA
OTU13912,Fungi,1,Ascomycota,100%,Dothideomycetes,63%,Pleosporales,51%,Diademaceae,31%,Clathrospora,NA
OTU13943,Fungi,1,Ascomycota,100%,Dothideomycetes,90%,Pleosporales,82%,Pleosporaceae,54%,Pleospora,NA
OTU6435,Fungi,1,Ascomycota,99%,Arthoniomycetes,57%,Arthoniales,57%,Roccellaceae,56%,Roccella,NA
OTU653,Fungi,1,Ascomycota,100%,Dothideomycetes,100%,Pleosporales,100%,Pleosporaceae,98%,Pyrenochaeta,NA
OTU15099,Fungi,1,Ascomycota,100%,Sordariomycetes,100%,Sordariales,97%,Chaetomiaceae,87%,Corynascus,NA
OTU9543,Fungi,1,Ascomycota,100%,Ascomycota incertae sedis,13%,Ascomycota incertae sedis,13%,Ascomycota incertae sedis,13%,Microsphaeropsis,NA
OTU336,Fungi,1,Ascomycota,100%,Eurotiomycetes,100%,Onygenales,100%,Onygenaceae,100%,Spiromastix,NA
OTU5898,Fungi,1,Ascomycota,100%,Eurotiomycetes,99%,Eurotiales,99%,Trichocomaceae,98%,Penicillium,NA
OTU10601,Fungi,1,Ascomycota,100%,Sordariomycetes,96%,Hypocreales,96%,Nectriaceae,96%,Neonectria,NA
OTU13434,Fungi,1,Ascomycota,100%,Eurotiomycetes,100%,Eurotiales,100%,Trichocomaceae,100%,Emericella,NA
OTU9464,Fungi,1,Ascomycota,100%,Dothideomycetes,100%,Pleosporales,100%,Sporormiaceae,99%,Preussia,NA
OTU15214,Fungi,1,Ascomycota,100%,Eurotiomycetes,72%,Chaetothyriales,72%,Herpotrichiellaceae,72%,Capronia,NA
OTU13555,Fungi,1,Ascomycota,100%,Dothideomycetes,98%,Pleosporales,72%,Montagnulaceae,16%,Karstenula,NA
OTU13882,Fungi,1,Ascomycota,100%,Sordariomycetes,96%,Microascales,96%,Microascaceae,91%,Microascus,NA
OTU2946,Fungi,1,Ascomycota,100%,Sordariomycetes,100%,Hypocreales,96%,Nectriaceae,47%,Nalanthamala,NA
OTU356,Fungi,1,Ascomycota,99%,Dothideomycetes,98%,Pleosporales,82%,Dothidotthiaceae,9%,Dothidotthia,NA
OTU1252,Fungi,1,Ascomycota,100%,Sordariomycetes,100%,Hypocreales,100%,Nectriaceae,93%,Pseudonectria,NA
OTU7967,Fungi,1,Ascomycota,100%,Leotiomycetes,97%,Helotiales,96%,Helotiales incertae sedis,93%,Tetracladium,NA
OTU4363,Fungi,1,Basidiomycota,100%,Tremellomycetes,100%,Cystofilobasidiales,100%,Cystofilobasidiaceae,100%,Mrakia,NA
OTU41,Fungi,1,Ascomycota,100%,Saccharomycetes,100%,Saccharomycetales,100%,Saccharomycetaceae,100%,Saccharomyces,NA
OTU13637,Fungi,1,Ascomycota,100%,Sordariomycetes,99%,Hypocreales,99%,Nectriaceae,99%,Gibberella,NA
OTU862,Fungi,1,Fungi incertae sedis,100%,Zygomycota incertae sedis,100%,Mucorales 2,100%,Cunninghamellaceae,100%,Cunninghamella,NA
OTU820,Fungi,1,Fungi incertae sedis,100%,Zygomycota incertae sedis,100%,Mucorales 2,100%,Thamnidiaceae,83%,Dicranophora,NA
OTU10961,Fungi,1,Ascomycota,100%,Dothideomycetes,100%,Pleosporales,100%,Phaeosphaeriaceae,53%,Chaetosphaeronema,NA
OTU5120,Fungi,1,Ascomycota,100%,Sordariomycetes,96%,Coniochaetales,82%,Coniochaetaceae,82%,Coniochaeta,NA
OTU11765,Fungi,1,Ascomycota,100%,Dothideomycetes,100%,Pleosporales,99%,Pleosporaceae,49%,Stagonospora,NA
OTU15020,Fungi,1,Ascomycota,100%,Sordariomycetes,100%,Sordariomycetes incertae sedis,83%,Sordariomycetes incertae sedis,83%,Myrmecridium,NA
OTU484,Fungi,1,Ascomycota,100%,Eurotiomycetes,96%,Chaetothyriales,96%,Herpotrichiellaceae,96%,Exophiala,NA
OTU1847,Fungi,1,Ascomycota,100%,Sordariomycetes,100%,Hypocreales,99%,Nectriaceae,99%,Gibberella,NA
OTU14079,Fungi,1,Ascomycota,100%,Dothideomycetes,100%,Pleosporales,100%,Phaeosphaeriaceae,55%,Chaetosphaeronema,NA
OTU10623,Fungi,1,Ascomycota,100%,Sordariomycetes,99%,Hypocreales,97%,Nectriaceae,94%,Gibberella,NA
OTU9209,Fungi,1,Ascomycota,100%,Sordariomycetes,100%,Sordariomycetes incertae sedis,50%,Sordariomycetes incertae sedis,50%,Myrmecridium,NA
OTU12539,Fungi,1,Ascomycota,100%,Sordariomycetes,100%,Sordariales,89%,Chaetomiaceae,64%,Corynascus,NA
OTU11705,Fungi,1,Ascomycota,100%,Sordariomycetes,100%,Sordariales,85%,Chaetomiaceae,85%,Chaetomidium,NA
OTU13649,Fungi,1,Basidiomycota,99%,Tremellomycetes,93%,Tremellales,77%,Christianseniaceae,42%,Christiansenia,NA
OTU5613,Fungi,1,Ascomycota,100%,Sordariomycetes,98%,Coniochaetales,98%,Coniochaetaceae,98%,Coniochaeta,NA
OTU2063,Fungi,1,Ascomycota,100%,Dothideomycetes,98%,Pleosporales,98%,Pleosporales incertae sedis,73%,Camarosporium,NA
OTU10077,Fungi,1,Ascomycota,100%,Sordariomycetes,99%,Hypocreales,98%,Hypocreaceae,52%,Hypocrea,NA
OTU2611,Fungi,1,Ascomycota,100%,Dothideomycetes,100%,Pleosporales,100%,Phaeosphaeriaceae,96%,Chaetosphaeronema,NA
OTU8367,Fungi,1,Ascomycota,100%,Dothideomycetes,99%,Pleosporales,98%,Sporormiaceae,79%,Westerdykella,NA
OTU10943,Fungi,1,Ascomycota,100%,Sordariomycetes,100%,Sordariales,100%,Chaetomiaceae,51%,Chaetomium,NA
OTU13924,Fungi,1,Ascomycota,100%,Dothideomycetes,99%,Pleosporales,99%,Sporormiaceae,80%,Westerdykella,NA
OTU3717,Fungi,1,Ascomycota,100%,Dothideomycetes,100%,Pleosporales,100%,Phaeosphaeriaceae,61%,Phaeosphaeria,NA
OTU13058,Fungi,1,Ascomycota,100%,Sordariomycetes,98%,Microascales,94%,Microascaceae,89%,Doratomyces,NA
OTU8656,Fungi,1,Ascomycota,100%,Sordariomycetes,100%,Sordariales,98%,Chaetomiaceae,88%,Chaetomium,NA
OTU4328,Fungi,1,Ascomycota,100%,Dothideomycetes,100%,Pleosporales,100%,Leptosphaeriaceae,51%,Leptosphaeria,NA
OTU871,Fungi,1,Ascomycota,100%,Dothideomycetes,100%,Pleosporales,100%,Phaeosphaeriaceae,59%,Phaeodothis,NA
OTU7171,Fungi,1,Ascomycota,100%,Dothideomycetes,100%,Capnodiales,99%,Capnodiales incertae sedis,53%,Rachicladosporium,NA
OTU11324,Fungi,1,Ascomycota,100%,Dothideomycetes,100%,Pleosporales,100%,Phaeosphaeriaceae,31%,Chaetosphaeronema,NA
OTU781,Fungi,1,Basidiomycota,100%,Agaricomycetes,100%,Boletales,100%,Rhizopogonaceae,99%,Rhizopogon,NA
OTU7739,Fungi,1,Ascomycota,100%,Sordariomycetes,93%,Hypocreales,93%,Bionectriaceae,73%,Bionectria,NA
OTU558,Fungi,1,Basidiomycota,100%,Agaricomycetes,100%,Agaricales,100%,Tricholomataceae,100%,Mycena,NA
OTU15408,Fungi,1,Ascomycota,100%,Sordariomycetes,100%,Sordariales,100%,Chaetomiaceae,92%,Chaetomium,NA
OTU2363,Fungi,1,Basidiomycota,99%,Cystobasidiomycetes,99%,Cystobasidiales,98%,Cystobasidiaceae,98%,Rhodotorula 1 -Cystobasidiales,NA
OTU439,Fungi,1,Basidiomycota,100%,Agaricomycetes,100%,Agaricales,100%,Tricholomataceae,97%,Mycena,NA
OTU4549,Fungi,1,Ascomycota,100%,Leotiomycetes,100%,Leotiomycetes incertae sedis,62%,Leotiomycetes incertae sedis,58%,Collophora,NA
OTU12988,Fungi,1,Ascomycota,100%,Sordariomycetes,100%,Coniochaetales,97%,Coniochaetaceae,97%,Coniochaeta,NA
OTU2671,Fungi,1,Ascomycota,100%,Dothideomycetes,100%,Pleosporales,80%,Testudinaceae,77%,Lepidosphaeria,NA
OTU10836,Fungi,1,Ascomycota,100%,Eurotiomycetes,98%,Chaetothyriales,98%,Herpotrichiellaceae,98%,Veronaea,NA
OTU7140,Fungi,1,Ascomycota,100%,Dothideomycetes,100%,Pleosporales,100%,Phaeosphaeriaceae,64%,Phaeosphaeria,NA
OTU13268,Fungi,1,Ascomycota,100%,Dothideomycetes,100%,Pleosporales,76%,Didymellaceae,67%,Leptosphaerulina,NA
OTU7314,Fungi,1,Ascomycota,100%,Eurotiomycetes,92%,Chaetothyriales,92%,Herpotrichiellaceae,92%,Capronia,NA
OTU745,Fungi,1,Ascomycota,100%,Leotiomycetes,99%,Thelebolales,58%,Thelebolaceae,58%,Thelebolus,NA
OTU13221,Fungi,1,Ascomycota,100%,Dothideomycetes,98%,Pleosporales,96%,Pleosporales incertae sedis,36%,Camarosporium,NA
OTU4797,Fungi,1,Ascomycota,100%,Dothideomycetes,99%,Pleosporales,96%,Sporormiaceae,86%,Westerdykella,NA
OTU196,Fungi,1,Ascomycota,100%,Eurotiomycetes,100%,Eurotiales,100%,Trichocomaceae,88%,Emericella,NA
OTU3947,Fungi,1,Ascomycota,100%,Sordariomycetes,100%,Sordariales,98%,Lasiosphaeriaceae,81%,Cercophora,NA
OTU1320,Fungi,1,Ascomycota,100%,Leotiomycetes,98%,Helotiales,92%,Helotiales incertae sedis,78%,Chalara,NA
OTU316,Fungi,1,Ascomycota,98%,Ascomycota incertae sedis,69%,Ascomycota incertae sedis,69%,Ascomycota incertae sedis,69%,Scolecobasidiella,NA
OTU1924,Fungi,1,Ascomycota,100%,Dothideomycetes,100%,Pleosporales,100%,Phaeosphaeriaceae,84%,Phaeosphaeria,NA
OTU2010,Fungi,1,Ascomycota,100%,Eurotiomycetes,53%,Chaetothyriales,53%,Herpotrichiellaceae,53%,Cladophialophora,NA
OTU6493,Fungi,1,Basidiomycota,100%,Agaricomycetes,100%,Polyporales,100%,Pterulaceae,100%,Pterula,NA
OTU11410,Fungi,1,Basidiomycota,95%,Tremellomycetes,82%,Tremellales,73%,Christianseniaceae,56%,Christiansenia,NA
OTU1846,Fungi,1,Ascomycota,100%,Lecanoromycetes,88%,Umbilicariales,40%,Umbilicariaceae,40%,Umbilicaria,NA
OTU5715,Fungi,1,Ascomycota,100%,Eurotiomycetes,100%,Chaetothyriales,100%,Herpotrichiellaceae,99%,Sarcinomyces,NA
OTU219,Fungi,1,Ascomycota,100%,Sordariomycetes,100%,Hypocreales,100%,Niessliaceae,99%,Niesslia,NA
OTU1501,Fungi,1,Ascomycota,100%,Sordariomycetes,100%,Xylariales,100%,Amphisphaeriaceae,100%,Sarcostroma,NA
OTU3905,Fungi,1,Basidiomycota,100%,Tremellomycetes,100%,Tremellales,100%,Tremellaceae,100%,Asterotremella,NA
OTU1295,Fungi,1,Ascomycota,100%,Ascomycota incertae sedis,32%,Ascomycota incertae sedis,32%,Ascomycota incertae sedis,32%,Rhizosphaera,NA
OTU8412,Fungi,1,Basidiomycota,100%,Agaricomycetes,100%,Agaricales,100%,Hygrophoraceae,100%,Hygrocybe,NA
OTU382,Fungi,1,Ascomycota,100%,Dothideomycetes,100%,Pleosporales,100%,Pleosporaceae,26%,Pyrenochaeta,NA
OTU2454,Fungi,1,Basidiomycota,100%,Agaricomycetes,100%,Polyporales,100%,Coriolaceae,100%,Antrodia,NA
OTU482,Fungi,1,Ascomycota,100%,Dothideomycetes,44%,Botryosphaeriales,19%,Botryosphaeriaceae,19%,Spencermartinsia,NA
OTU14713,Fungi,1,Ascomycota,100%,Leotiomycetes,87%,Helotiales,86%,Helotiales incertae sedis,75%,Chalara,NA
OTU12315,Fungi,1,Ascomycota,100%,Sordariomycetes,100%,Sordariales,99%,Lasiosphaeriaceae,76%,Cercophora,NA
OTU11100,Fungi,1,Ascomycota,100%,Dothideomycetes,100%,Pleosporales,98%,Pleosporaceae,94%,Pyrenochaeta,NA
OTU4382,Fungi,1,Ascomycota,100%,Dothideomycetes,99%,Pleosporales,99%,Pleosporaceae,99%,Pyrenochaeta,NA
OTU1199,Fungi,1,Ascomycota,100%,Dothideomycetes,99%,Pleosporales,95%,Sporormiaceae,78%,Westerdykella,NA
OTU5315,Fungi,1,Ascomycota,100%,Sordariomycetes,98%,Hypocreales,98%,Nectriaceae,97%,Gibberella,NA
OTU13532,Fungi,1,Ascomycota,100%,Sordariomycetes,100%,Sordariales,100%,Chaetomiaceae,94%,Chaetomium,NA
OTU12702,Fungi,1,Ascomycota,100%,Sordariomycetes,100%,Sordariales,100%,Chaetomiaceae,85%,Chaetomium,NA
OTU9468,Fungi,1,Ascomycota,100%,Leotiomycetes,100%,Helotiales,64%,Helotiaceae,46%,Crinula,NA
OTU6381,Fungi,1,Basidiomycota,100%,Agaricomycetes,100%,Polyporales,76%,Polyporaceae,42%,Neolentiporus,NA
OTU320,Fungi,1,Ascomycota,100%,Dothideomycetes,91%,Pleosporales,91%,Cucurbitariaceae,26%,Cucurbitaria,NA
OTU487,Fungi,1,Basidiomycota,100%,Agaricomycetes,100%,Gomphales,100%,Gomphaceae,100%,Kavinia,NA
OTU8659,Fungi,1,Ascomycota,100%,Sordariomycetes,99%,Hypocreales,96%,Nectriaceae,36%,Pseudonectria,NA
OTU906,Fungi,1,Ascomycota,100%,Dothideomycetes,87%,Pleosporales,84%,Montagnulaceae,55%,Bimuria,NA
OTU13060,Fungi,1,Ascomycota,100%,Sordariomycetes,100%,Sordariales,89%,Chaetomiaceae,59%,Zopfiella,NA
OTU2204,Fungi,1,Ascomycota,99%,Dothideomycetes,42%,Pleosporales,30%,Dacampiaceae,19%,Munkovalsaria,NA
OTU6875,Fungi,1,Ascomycota,100%,Dothideomycetes,100%,Dothideomycetes incertae sedis,95%,Dothideomycetes incertae sedis,95%,Kirschsteiniothelia,NA
OTU1201,Fungi,1,Ascomycota,100%,Ascomycota incertae sedis,33%,Ascomycota incertae sedis,33%,Ascomycota incertae sedis,33%,Polyschema,NA
OTU2591,Fungi,1,Basidiomycota,100%,Ustilaginomycetes,100%,Ustilaginales,100%,Ustilaginaceae,100%,Ustilago,NA
OTU2236,Fungi,1,Ascomycota,100%,Leotiomycetes,100%,Leotiomycetes incertae sedis,29%,Leotiomycetes incertae sedis,28%,Collophora,NA
OTU4759,Fungi,1,Ascomycota,100%,Dothideomycetes,100%,Pleosporales,99%,Pleosporaceae,37%,Pyrenochaeta,NA
OTU620,Fungi,1,Ascomycota,100%,Leotiomycetes,100%,Helotiales,100%,Helotiales incertae sedis,100%,Chalara,NA
OTU11763,Fungi,1,Ascomycota,100%,Dothideomycetes,98%,Pleosporales,98%,Pleosporaceae,97%,Pyrenochaeta,NA
OTU8885,Fungi,1,Ascomycota,100%,Ascomycota incertae sedis,73%,Ascomycota incertae sedis,73%,Ascomycota incertae sedis,73%,Scolecobasidiella,NA
OTU7957,Fungi,1,Ascomycota,100%,Eurotiomycetes,99%,Chaetothyriales,99%,Herpotrichiellaceae,91%,Exophiala,NA
OTU13124,Fungi,1,Ascomycota,100%,Dothideomycetes,99%,Pleosporales,99%,Pleosporaceae,96%,Pyrenochaeta,NA
OTU10392,Fungi,1,Ascomycota,100%,Sordariomycetes,89%,Xylariales,56%,Xylariales incertae sedis,26%,Subramaniomyces,NA
OTU203,Fungi,1,Basidiomycota,100%,Tremellomycetes,98%,Tremellales,98%,Sirobasidiaceae,91%,Fibulobasidium,NA
OTU1698,Fungi,1,Basidiomycota,96%,Tremellomycetes,73%,Tremellales,63%,Christianseniaceae,47%,Christiansenia,NA
OTU709,Fungi,1,Ascomycota,100%,Dothideomycetes,100%,Pleosporales,92%,Pleosporales incertae sedis,31%,Camarosporium,NA
OTU649,Fungi,1,Basidiomycota,100%,Agaricomycetes,96%,Agaricales,96%,Psathyrellaceae,76%,Psathyrella,NA
OTU749,Fungi,1,Ascomycota,100%,Pezizomycetes,100%,Pezizales,100%,Sarcoscyphaceae,100%,Desmazierella,NA
OTU1392,Fungi,1,Basidiomycota,99%,Agaricomycetes,99%,Hymenochaetales,83%,Schizoporaceae,78%,Lagarobasidium,NA
OTU7596,Fungi,1,Ascomycota,100%,Dothideomycetes,100%,Pleosporales,100%,Pleosporaceae,57%,Pyrenochaeta,NA
OTU11995,Fungi,1,Ascomycota,100%,Dothideomycetes,100%,Pleosporales,100%,Leptosphaeriaceae,39%,Leptosphaeria,NA
OTU477,Fungi,1,Ascomycota,100%,Dothideomycetes,63%,Pleosporales,61%,Pleosporales incertae sedis,46%,Corynespora,NA
OTU4327,Fungi,1,Ascomycota,100%,Leotiomycetes,97%,Helotiales,66%,Dermateaceae,37%,Neofabraea,NA
OTU3630,Fungi,1,Basidiomycota,100%,Agaricomycetes,100%,Agaricales,100%,Tricholomataceae,70%,Tectella,NA
OTU9377,Fungi,1,Ascomycota,100%,Leotiomycetes,100%,Helotiales,98%,Helotiales incertae sedis,67%,Chalara,NA
OTU768,Fungi,1,Ascomycota,100%,Dothideomycetes,100%,Pleosporales,99%,Sporormiaceae,89%,Preussia,NA
OTU9311,Fungi,1,Ascomycota,100%,Dothideomycetes,100%,Pleosporales,100%,Pleosporales incertae sedis,57%,Plenodomus,NA
OTU1363,Fungi,1,Ascomycota,100%,Sordariomycetes,100%,Sordariales,100%,Lasiosphaeriaceae,100%,Zygopleurage,NA
OTU998,Fungi,1,Ascomycota,100%,Dothideomycetes,100%,Pleosporales,97%,Phaeosphaeriaceae,48%,Phaeodothis,NA
OTU8244,Fungi,1,Ascomycota,100%,Leotiomycetes,92%,Helotiales,78%,Helotiales incertae sedis,37%,Chalara,NA
OTU2717,Fungi,1,Ascomycota,100%,Eurotiomycetes,95%,Chaetothyriales,95%,Herpotrichiellaceae,93%,Cyphellophora,NA
OTU6059,Fungi,1,Ascomycota,98%,Dothideomycetes,38%,Pleosporales,26%,Pleosporales incertae sedis,22%,Heleiosa,NA
OTU15170,Fungi,1,Ascomycota,100%,Dothideomycetes,100%,Capnodiales,100%,Capnodiales incertae sedis,73%,Penidiella,NA
OTU13003,Fungi,1,Ascomycota,100%,Sordariomycetes,100%,Hypocreales,100%,Nectriaceae,100%,Pseudonectria,NA
OTU3267,Fungi,1,Ascomycota,100%,Dothideomycetes,97%,Dothideomycetes incertae sedis,97%,Dothideomycetes incertae sedis,97%,Repetophragma,NA
OTU10996,Fungi,1,Ascomycota,100%,Sordariomycetes,100%,Hypocreales,100%,Nectriaceae,79%,Neonectria,NA
OTU2866,Fungi,1,Ascomycota,100%,Pezizomycetes,100%,Pezizales,100%,Ascodesmidaceae,100%,Ascodesmis,NA
OTU10500,Fungi,1,Ascomycota,100%,Dothideomycetes,100%,Pleosporales,100%,Phaeosphaeriaceae,42%,Ophiosphaerella,NA
OTU501,Fungi,1,Ascomycota,100%,Sordariomycetes,100%,Sordariales,86%,Lasiosphaeriaceae,72%,Zygopleurage,NA
OTU10697,Fungi,1,Ascomycota,100%,Leotiomycetes,98%,Leotiomycetes incertae sedis,42%,Leotiomycetes incertae sedis,41%,Collophora,NA
OTU3037,Fungi,1,Ascomycota,100%,Dothideomycetes,85%,Pleosporales,67%,Amniculicolaceae,27%,Murispora,NA
OTU2634,Fungi,1,Ascomycota,100%,Dothideomycetes,98%,Pleosporales,96%,Lophiostomataceae,53%,Lophiostoma,NA
OTU5983,Fungi,1,Ascomycota,100%,Sordariomycetes,99%,Hypocreales,95%,Niessliaceae,33%,Niesslia,NA
OTU4510,Fungi,1,Ascomycota,100%,Leotiomycetes,91%,Helotiales,91%,Vibrisseaceae,28%,Vibrissea,NA
OTU13025,Fungi,1,Ascomycota,100%,Dothideomycetes,99%,Pleosporales,99%,Sporormiaceae,98%,Preussia,NA
OTU2888,Fungi,1,Ascomycota,100%,Sordariomycetes,99%,Phyllachorales,97%,Phyllachoraceae,97%,Plectosphaerella,NA
OTU4988,Fungi,1,Ascomycota,100%,Arthoniomycetes,43%,Arthoniales,43%,Roccellaceae,42%,Schismatomma,NA
OTU7900,Fungi,1,Ascomycota,100%,Dothideomycetes,100%,Capnodiales,100%,Capnodiales incertae sedis,81%,Penidiella,NA
OTU839,Fungi,1,Ascomycota,100%,Ascomycota incertae sedis,91%,Ascomycota incertae sedis,91%,Ascomycota incertae sedis,91%,Scolecobasidiella,NA
OTU1906,Fungi,1,Ascomycota,100%,Sordariomycetes,100%,Hypocreales,100%,Clavicipitaceae,89%,Pochonia,NA
OTU10119,Fungi,1,Basidiomycota,100%,Tremellomycetes,100%,Tremellales,100%,Tremellaceae,64%,Bullera,NA
OTU11892,Fungi,1,Basidiomycota,100%,Agaricostilbomycetes,100%,Agaricostilbales,100%,Chionosphaeraceae,100%,Kurtzmanomyces,NA
OTU15292,Fungi,1,Ascomycota,100%,Leotiomycetes,91%,Helotiales,88%,Helotiaceae,85%,Tricladium,NA
OTU11773,Fungi,1,Ascomycota,100%,Sordariomycetes,100%,Hypocreales,99%,Niessliaceae,72%,Niesslia,NA
OTU15101,Fungi,1,Ascomycota,100%,Sordariomycetes,97%,Hypocreales,78%,Nectriaceae,57%,Pseudonectria,NA
OTU5229,Fungi,1,Ascomycota,100%,Dothideomycetes,100%,Pleosporales,99%,Pleosporales incertae sedis,68%,Corynespora,NA
OTU562,Fungi,1,Ascomycota,100%,Sordariomycetes,100%,Calosphaeriales,100%,Calosphaeriaceae,100%,Phaeoacremonium,NA
OTU3391,Fungi,1,Ascomycota,100%,Dothideomycetes,78%,Dothideomycetes incertae sedis,73%,Dothideomycetes incertae sedis,73%,Kirschsteiniothelia,NA
OTU11031,Fungi,1,Basidiomycota,99%,Agaricomycetes,98%,Polyporales,36%,Dictyonemataceae,35%,Dictyonema,NA
OTU682,Fungi,1,Ascomycota,100%,Dothideomycetes,99%,Dothideales,98%,Dothioraceae,77%,Columnosphaeria,NA
OTU107,Fungi,1,Ascomycota,100%,Sordariomycetes,100%,Microascales,99%,Microascaceae,99%,Graphium,NA
OTU575,Fungi,1,Ascomycota,100%,Leotiomycetes,98%,Helotiales,76%,Helotiales incertae sedis,39%,Chalara,NA
OTU404,Fungi,1,Ascomycota,100%,Pezizomycetes,98%,Pezizales,98%,Pyronemataceae,98%,Wilcoxina,NA
OTU224,Fungi,1,Basidiomycota,100%,Agaricomycetes,100%,Russulales,100%,Russulaceae,100%,Macowanites,NA
OTU8851,Fungi,1,Ascomycota,100%,Sordariomycetes,100%,Diaporthales,100%,Gnomoniaceae,100%,Gnomonia,NA
OTU1760,Fungi,1,Basidiomycota,100%,Agaricomycetes,100%,Agaricales,100%,Pleurotaceae,100%,Hohenbuehelia,NA
OTU3262,Fungi,1,Basidiomycota,100%,Agaricomycetes,100%,Atheliales,100%,Atheliaceae,100%,Fibulorhizoctonia,NA
OTU1811,Fungi,1,Ascomycota,100%,Dothideomycetes,98%,Dothideomycetes incertae sedis,85%,Dothideomycetes incertae sedis,85%,Kirschsteiniothelia,NA
OTU959,Fungi,1,Basidiomycota,100%,Agaricomycetes,100%,Agaricales,100%,Cortinariaceae,87%,Cortinarius,NA
OTU2574,Fungi,1,Ascomycota,100%,Sordariomycetes,100%,Sordariales,97%,Lasiosphaeriaceae,84%,Cercophora,NA
OTU4439,Fungi,1,Ascomycota,100%,Eurotiomycetes,99%,Chaetothyriales,24%,Herpotrichiellaceae,24%,Sorocybe,NA
OTU830,Fungi,1,Ascomycota,100%,Sordariomycetes,100%,Hypocreales,100%,Niessliaceae,96%,Niesslia,NA
OTU1581,Fungi,1,Ascomycota,100%,Ascomycota incertae sedis,100%,Ascomycota incertae sedis,100%,Ascomycota incertae sedis,100%,Phaeomoniella,NA
OTU321,Fungi,1,Ascomycota,100%,Leotiomycetes,86%,Helotiales,85%,Helotiaceae,77%,Tricladium,NA
OTU516,Fungi,1,Ascomycota,100%,Dothideomycetes,99%,Dothideomycetes incertae sedis,85%,Dothideomycetes incertae sedis,85%,Glonium,NA
OTU10797,Fungi,1,Ascomycota,99%,Pezizomycetes,94%,Pezizales,94%,Pezizaceae,88%,Iodophanus,NA
OTU14261,Fungi,1,Ascomycota,100%,Eurotiomycetes,92%,Eurotiales,92%,Trichocomaceae,92%,Eurotium,NA
OTU1473,Fungi,1,Ascomycota,100%,Dothideomycetes,100%,Dothideomycetes incertae sedis,74%,Dothideomycetes incertae sedis,74%,Glonium,NA
OTU895,Fungi,1,Ascomycota,100%,Dothideomycetes,100%,Pleosporales,100%,Phaeotrichaceae,100%,Trichodelitschia,NA
OTU14030,Fungi,1,Ascomycota,100%,Leotiomycetes,98%,Helotiales,91%,Helotiaceae,54%,Crinula,NA
OTU5546,Fungi,1,Basidiomycota,100%,Agaricomycetes,100%,Atheliales,89%,Atheliaceae,89%,uncultured_Atheliaceae,NA
OTU2616,Fungi,1,Basidiomycota,100%,Agaricomycetes,100%,Agaricales,100%,Tricholomataceae,100%,Clitocybe,NA
OTU8700,Fungi,1,Ascomycota,99%,Eurotiomycetes,71%,Verrucariales,50%,Verrucariaceae,50%,Neocatapyrenium,NA
OTU9099,Fungi,1,Ascomycota,100%,Dothideomycetes,100%,Pleosporales,85%,Sporormiaceae,77%,Westerdykella,NA
OTU1132,Fungi,1,Ascomycota,100%,Ascomycota incertae sedis,42%,Ascomycota incertae sedis,42%,Ascomycota incertae sedis,42%,Trichothecium,NA
OTU1637,Fungi,1,Ascomycota,100%,Eurotiomycetes,94%,Chaetothyriales,93%,Herpotrichiellaceae,89%,Cyphellophora,NA
OTU473,Fungi,1,Basidiomycota,100%,Agaricomycetes,100%,Agaricales,100%,Cortinariaceae,100%,Inocybe,NA
OTU2623,Fungi,1,Basidiomycota,100%,Agaricomycetes,100%,Agaricales,100%,Clavariaceae,100%,Ramariopsis,NA
OTU11466,Fungi,1,Ascomycota,100%,Ascomycota incertae sedis,51%,Ascomycota incertae sedis,51%,Ascomycota incertae sedis,51%,Dictyosporium,NA
OTU232,Fungi,1,Ascomycota,100%,Dothideomycetes,100%,Capnodiales,100%,Mycosphaerellaceae,100%,Mycosphaerella,NA
OTU222,Fungi,1,Basidiomycota,96%,Exobasidiomycetes,89%,Microstromatales,50%,Microstromataceae,49%,Rhodotorula 3 -Microstromataceae,NA
OTU849,Fungi,1,Ascomycota,100%,Sordariomycetes,100%,Xylariales,97%,Diatrypaceae,97%,Phaeoisaria,NA
OTU5614,Fungi,1,Ascomycota,100%,Dothideomycetes,100%,Pleosporales,100%,Sporormiaceae,98%,Preussia,NA
OTU370,Fungi,1,Basidiomycota,100%,Agaricomycetes,100%,Agaricales,99%,Cortinariaceae,91%,Inocybe,NA
OTU818,Fungi,1,Ascomycota,100%,Sordariomycetes,100%,Hypocreales,100%,Niessliaceae,50%,Niesslia,NA
OTU1187,Fungi,1,Ascomycota,100%,Leotiomycetes,97%,Helotiales,69%,Helotiales incertae sedis,53%,Aquapoterium,NA
OTU3917,Fungi,1,Basidiomycota,100%,Agaricomycetes,100%,Atheliales,100%,Atheliaceae,100%,Atheliaceae,NA
OTU2413,Fungi,1,Basidiomycota,100%,Agaricomycetes,100%,Agaricales,100%,Tricholomataceae,100%,Xeromphalina,NA
OTU4762,Fungi,1,Ascomycota,100%,Dothideomycetes,98%,Pleosporales,98%,Sporormiaceae,78%,Westerdykella,NA
OTU7929,Fungi,1,Ascomycota,100%,Sordariomycetes,100%,Hypocreales,92%,Niessliaceae,51%,Niesslia,NA
OTU4799,Fungi,1,Ascomycota,100%,Dothideomycetes,100%,Pleosporales,100%,Sporormiaceae,88%,Preussia,NA
OTU8473,Fungi,1,Ascomycota,100%,Dothideomycetes,100%,Pleosporales,100%,Sporormiaceae,87%,Preussia,NA
OTU7357,Fungi,1,Ascomycota,97%,Sordariomycetes,71%,Sordariales,57%,Chaetomiaceae,42%,Corynascus,NA
OTU9301,Fungi,1,Ascomycota,100%,Eurotiomycetes,98%,Chaetothyriales,98%,Herpotrichiellaceae,98%,Exophiala,NA
OTU9823,Fungi,1,Ascomycota,100%,Dothideomycetes,100%,Pleosporales,100%,Sporormiaceae,94%,Preussia,NA
OTU4582,Fungi,1,Ascomycota,100%,Dothideomycetes,99%,Pleosporales,99%,Leptosphaeriaceae,80%,Leptosphaeria,NA
OTU13329,Fungi,1,Basidiomycota,100%,Agaricomycetes,100%,Agaricales,100%,Tricholomataceae,55%,Omphalina,NA
OTU4443,Fungi,1,Ascomycota,100%,Eurotiomycetes,96%,Chaetothyriales,62%,Herpotrichiellaceae,59%,Thysanorea,NA
OTU10915,Fungi,1,Ascomycota,100%,Dothideomycetes,100%,Pleosporales,100%,Sporormiaceae,67%,Preussia,NA
OTU12868,Fungi,1,Ascomycota,100%,Dothideomycetes,99%,Pleosporales,91%,Pleosporaceae,64%,Pyrenochaeta,NA
OTU9759,Fungi,1,Ascomycota,100%,Dothideomycetes,97%,Pleosporales,97%,Sporormiaceae,79%,Preussia,NA
OTU9669,Fungi,1,Ascomycota,100%,Dothideomycetes,99%,Pleosporales,99%,Pleosporales incertae sedis,43%,Plenodomus,NA
OTU2650,Fungi,1,Ascomycota,100%,Dothideomycetes,96%,Pleosporales,96%,Sporormiaceae,84%,Westerdykella,NA
OTU10703,Fungi,1,Ascomycota,99%,Ascomycota incertae sedis,27%,Ascomycota incertae sedis,27%,Ascomycota incertae sedis,27%,Trichothecium,NA
OTU12571,Fungi,1,Basidiomycota,100%,Agaricomycetes,100%,Agaricales,94%,Cortinariaceae,81%,Inocybe,NA
OTU11872,Fungi,1,Ascomycota,100%,Dothideomycetes,99%,Pleosporales,99%,Sporormiaceae,96%,Preussia,NA
OTU14765,Fungi,1,Ascomycota,100%,Dothideomycetes,74%,Hysteriales,40%,Hysteriaceae,34%,Hysteropatella,NA
OTU4296,Fungi,1,Basidiomycota,100%,Agaricomycetes,100%,Agaricales,100%,Tricholomataceae,98%,Setulipes,NA
OTU5929,Fungi,1,Ascomycota,100%,Sordariomycetes,100%,Chaetosphaeriales,73%,Chaetosphaeriaceae,73%,Carpoligna,NA
OTU8127,Fungi,1,Ascomycota,100%,Ascomycota incertae sedis,100%,Ascomycota incertae sedis,100%,Ascomycota incertae sedis,100%,Dictyosporium,NA
OTU14823,Fungi,1,Ascomycota,100%,Dothideomycetes,99%,Pleosporales,99%,Sporormiaceae,75%,Preussia,NA
OTU10372,Fungi,1,Ascomycota,100%,Sordariomycetes,97%,Hypocreales,65%,Nectriaceae,22%,Nalanthamala,NA
OTU9940,Fungi,1,Ascomycota,99%,Dothideomycetes,99%,Pleosporales,98%,Sporormiaceae,84%,Preussia,NA
OTU8727,Fungi,1,Ascomycota,100%,Sordariomycetes,99%,Sordariomycetes incertae sedis,21%,Papulosaceae,14%,Papulosa,NA
OTU8087,Fungi,1,Ascomycota,100%,Eurotiomycetes,100%,Eurotiales,100%,Trichocomaceae,100%,Eurotium,NA
OTU7130,Fungi,1,Ascomycota,99%,Sordariomycetes,91%,Hypocreales,74%,Cordycipitaceae,12%,Beauveria,NA
OTU5880,Fungi,1,Ascomycota,100%,Dothideomycetes,100%,Pleosporales,100%,Phaeosphaeriaceae,57%,Phaeosphaeria,NA
OTU7081,Fungi,1,Ascomycota,100%,Dothideomycetes,100%,Pleosporales,100%,Phaeosphaeriaceae,47%,Phaeosphaeria,NA
OTU9389,Fungi,1,Basidiomycota,100%,Agaricomycetes,100%,Russulales,100%,Russulaceae,100%,uncultured_Russulaceae,NA
OTU9822,Fungi,1,Basidiomycota,100%,Agaricomycetes,100%,Agaricales,100%,Pleurotaceae,100%,Pleurotus,NA
OTU1179,Fungi,1,Ascomycota,100%,Pezizomycetes,100%,Pezizales,100%,Pyronemataceae,100%,Marcelleina,NA
OTU11459,Fungi,1,Ascomycota,100%,Leotiomycetes,98%,Helotiales,97%,Helotiaceae,83%,Crinula,NA
OTU7678,Fungi,1,Basidiomycota,100%,Agaricomycetes,100%,Atheliales,100%,Atheliaceae,100%,Piloderma,NA
OTU2083,Fungi,1,Ascomycota,100%,Leotiomycetes,94%,Helotiales,80%,Bulgariaceae,15%,Bulgaria,NA
OTU11370,Fungi,1,Ascomycota,100%,Eurotiomycetes,100%,Eurotiales,100%,Trichocomaceae,97%,Emericella,NA
OTU631,Fungi,1,Basidiomycota,99%,Tremellomycetes,94%,Tremellales,94%,Tremellaceae,87%,Cryptococcus,NA
OTU1497,Fungi,1,Ascomycota,100%,Dothideomycetes,99%,Pleosporales,98%,Massariaceae,42%,Massaria,NA
OTU746,Fungi,1,Ascomycota,100%,Ascomycota incertae sedis,97%,Ascomycota incertae sedis,97%,Ascomycota incertae sedis,97%,Scolecobasidiella,NA
OTU9994,Fungi,1,Basidiomycota,100%,Agaricomycetes,97%,Polyporales,67%,Coriolaceae,45%,Diplomitoporus,NA
OTU10718,Fungi,1,Basidiomycota,100%,Agaricomycetes,100%,Russulales,97%,Hyphodermataceae,97%,Galzinia,NA
OTU8026,Fungi,1,Ascomycota,100%,Dothideomycetes,100%,Pleosporales,100%,Pleosporales incertae sedis,55%,Plenodomus,NA
OTU7735,Fungi,1,Ascomycota,100%,Lecanoromycetes,100%,Lecanorales,100%,Psoraceae,100%,Psora,NA
OTU302,Fungi,1,Ascomycota,100%,Dothideomycetes,100%,Dothideomycetes incertae sedis,33%,Dothideomycetes incertae sedis,33%,Asteromella,NA
OTU13457,Fungi,1,Ascomycota,100%,Leotiomycetes,82%,Helotiales,76%,Helotiales incertae sedis,26%,Chalara,NA
OTU2013,Fungi,1,Ascomycota,100%,Sordariomycetes,100%,Microascales,99%,Microascaceae,96%,Microascus,NA
OTU1156,Fungi,1,Basidiomycota,100%,Tremellomycetes,100%,Tremellales,100%,Tremellales incertae sedis,57%,Kwoniella,NA
OTU11337,Fungi,1,Basidiomycota,100%,Agaricomycetes,100%,Polyporales,73%,Coriolaceae,58%,Ceriporia,NA
OTU900,Fungi,1,Ascomycota,100%,Eurotiomycetes,98%,Onygenales,86%,Arthrodermataceae,86%,Ctenomyces,NA
OTU4460,Fungi,1,Basidiomycota,100%,Agaricomycetes,100%,Russulales,100%,Russulaceae,99%,Russula,NA
OTU14488,Fungi,1,Ascomycota,100%,Dothideomycetes,99%,Pleosporales,96%,Pleosporaceae,81%,Pyrenochaeta,NA
OTU13779,Fungi,1,Basidiomycota,100%,Agaricomycetes,99%,Boletales,91%,Boletaceae,77%,Austroboletus,NA
OTU2569,Fungi,1,Ascomycota,100%,Dothideomycetes,100%,Pleosporales,100%,Phaeosphaeriaceae,46%,Phaeosphaeria,NA
OTU11785,Fungi,1,Basidiomycota,100%,Agaricomycetes,100%,Russulales,35%,Podoscyphaceae,34%,Cyphellostereum,NA
OTU13163,Fungi,1,Basidiomycota,100%,Agaricomycetes,96%,Polyporales,77%,Coriolaceae,62%,Ceriporia,NA
OTU13956,Fungi,1,Basidiomycota,100%,Agaricomycetes,100%,Russulales,40%,Podoscyphaceae,40%,Cyphellostereum,NA
OTU13175,Fungi,1,Ascomycota,100%,Eurotiomycetes,99%,Eurotiales,99%,Trichocomaceae,98%,Eupenicillium,NA
OTU5801,Fungi,1,Basidiomycota,100%,Agaricomycetes,100%,Polyporales,100%,Coriolaceae,100%,Trametes,NA
OTU13202,Fungi,1,Basidiomycota,100%,Agaricomycetes,99%,Polyporales,98%,Lachnocladiaceae,93%,Lachnocladiaceae,NA
OTU5289,Fungi,1,Ascomycota,100%,Dothideomycetes,100%,Pleosporales,100%,Leptosphaeriaceae,75%,Leptosphaeria,NA
OTU13527,Fungi,1,Ascomycota,100%,Dothideomycetes,100%,Pleosporales,100%,Phaeosphaeriaceae,50%,Phaeosphaeria,NA
OTU12231,Fungi,1,Ascomycota,100%,Dothideomycetes,100%,Pleosporales,98%,Montagnulaceae,64%,Karstenula,NA
OTU7812,Fungi,1,Ascomycota,100%,Dothideomycetes,99%,Pleosporales,99%,Pleosporaceae,70%,Stagonospora,NA
OTU13339,Fungi,1,Ascomycota,100%,Dothideomycetes,100%,Pleosporales,100%,Leptosphaeriaceae,72%,Leptosphaeria,NA
OTU8560,Fungi,1,Ascomycota,100%,Dothideomycetes,100%,Pleosporales,93%,Sporormiaceae,80%,Westerdykella,NA
OTU1337,Fungi,1,Ascomycota,100%,Dothideomycetes,97%,Pleosporales,97%,Leptosphaeriaceae,48%,Leptosphaeria,NA
OTU2373,Fungi,1,Ascomycota,99%,Pezizomycetes,99%,Pezizales,99%,Pyronemataceae,97%,Melastiza,NA
OTU144,Fungi,1,Basidiomycota,100%,Agaricomycetes,100%,Agaricales,87%,Tricholomataceae,79%,Gliophorus,NA
OTU1075,Fungi,1,Ascomycota,100%,Pezizomycetes,100%,Pezizales,100%,Helvellaceae,100%,Balsamia,NA
OTU1274,Fungi,1,Ascomycota,100%,Dothideomycetes,98%,Pleosporales,97%,Lophiostomataceae,76%,Lophiostoma,NA
OTU8507,Fungi,1,Ascomycota,100%,Dothideomycetes,99%,Pleosporales,99%,Sporormiaceae,66%,Preussia,NA
OTU1987,Fungi,1,Ascomycota,100%,Dothideomycetes,100%,Pleosporales,100%,Phaeosphaeriaceae,96%,Phaeosphaeria,NA
OTU6661,Fungi,1,Basidiomycota,100%,Exobasidiomycetes,99%,Exobasidiales,98%,Exobasidiaceae,95%,Exobasidium,NA
OTU11188,Fungi,1,Ascomycota,100%,Pezizomycetes,100%,Pezizales,100%,Sarcoscyphaceae,100%,Conoplea,NA
OTU12078,Fungi,1,Ascomycota,100%,Dothideomycetes,99%,Pleosporales,98%,Sporormiaceae,86%,Westerdykella,NA
OTU5917,Fungi,1,Ascomycota,100%,Leotiomycetes,100%,Helotiales,100%,Helotiales incertae sedis,94%,Spirosphaera,NA
OTU12941,Fungi,1,Ascomycota,100%,Dothideomycetes,99%,Pleosporales,99%,Sporormiaceae,72%,Westerdykella,NA
OTU8745,Fungi,1,Basidiomycota,99%,Agaricomycetes,97%,Auriculariales,16%,Hyaloriaceae,13%,Protodontia,NA
OTU14196,Fungi,1,Ascomycota,100%,Eurotiomycetes,97%,Eurotiales,97%,Trichocomaceae,96%,Emericella,NA
OTU8464,Fungi,1,Basidiomycota,100%,Agaricomycetes,100%,Polyporales,97%,Polyporaceae,75%,Microporellus,NA
OTU8662,Fungi,1,Ascomycota,100%,Pezizomycetes,98%,Pezizales,98%,Ascodesmidaceae,85%,Lasiobolus,NA
